,tourney_id,tourney_name,surface,match_num,winner_id,loser_id,winner_rank,loser_rank,match_id
0,2020-8888,Atp Cup,Hard,300,104925,104745,2.0,1.0,0
1,2020-8888,Atp Cup,Hard,299,105138,105583,10.0,34.0,1
2,2020-8888,Atp Cup,Hard,298,104925,106421,2.0,5.0,2
3,2020-8888,Atp Cup,Hard,297,105583,111575,34.0,17.0,3
4,2020-8888,Atp Cup,Hard,296,104745,200282,1.0,18.0,4
5,2020-8888,Atp Cup,Hard,295,105138,106401,10.0,29.0,5
6,2020-8888,Atp Cup,Hard,294,104925,133430,2.0,14.0,6
7,2020-8888,Atp Cup,Hard,293,105583,200000,34.0,21.0,7
8,2020-8888,Atp Cup,Hard,292,106421,106043,5.0,13.0,8
9,2020-8888,Atp Cup,Hard,291,111575,105550,17.0,25.0,9
10,2020-8888,Atp Cup,Hard,290,105554,200282,42.0,18.0,10
11,2020-8888,Atp Cup,Hard,289,106401,111815,29.0,52.0,11
12,2020-8888,Atp Cup,Hard,288,105676,104745,11.0,1.0,12
13,2020-8888,Atp Cup,Hard,287,105138,106293,10.0,158.0,13
14,2020-8888,Atp Cup,Hard,286,104925,104792,2.0,9.0,14
15,2020-8888,Atp Cup,Hard,285,105332,105583,24.0,34.0,15
16,2020-8888,Atp Cup,Hard,284,104925,104731,2.0,147.0,16
17,2020-8888,Atp Cup,Hard,283,105583,144750,34.0,99.0,17
18,2020-8888,Atp Cup,Hard,282,104925,106426,2.0,33.0,18
19,2020-8888,Atp Cup,Hard,281,105583,111797,34.0,77.0,19
20,2020-8888,Atp Cup,Hard,280,104731,105332,147.0,24.0,20
21,2020-8888,Atp Cup,Hard,279,104468,144750,57.0,99.0,21
22,2020-8888,Atp Cup,Hard,278,104792,106426,9.0,33.0,22
23,2020-8888,Atp Cup,Hard,277,105332,111797,24.0,77.0,23
24,2020-8888,Atp Cup,Hard,276,104731,106426,147.0,33.0,24
25,2020-8888,Atp Cup,Hard,275,144750,111797,99.0,77.0,25
26,2020-8888,Atp Cup,Hard,274,104745,106415,1.0,72.0,26
27,2020-8888,Atp Cup,Hard,273,105138,104424,10.0,119.0,27
28,2020-8888,Atp Cup,Hard,272,104745,105932,1.0,26.0,28
29,2020-8888,Atp Cup,Hard,271,105138,106223,10.0,678.0,29
30,2020-8888,Atp Cup,Hard,270,104745,104655,1.0,45.0,30
32,2020-8888,Atp Cup,Hard,268,106415,105932,72.0,26.0,32
33,2020-8888,Atp Cup,Hard,267,104424,106223,119.0,678.0,33
34,2020-8888,Atp Cup,Hard,266,106415,104655,72.0,45.0,34
35,2020-8888,Atp Cup,Hard,265,104424,105899,119.0,523.0,35
36,2020-8888,Atp Cup,Hard,264,105932,104655,26.0,45.0,36
38,2020-8888,Atp Cup,Hard,262,105554,105676,42.0,11.0,38
39,2020-8888,Atp Cup,Hard,261,104327,111815,200.0,52.0,39
40,2020-8888,Atp Cup,Hard,260,105676,105777,11.0,20.0,40
41,2020-8888,Atp Cup,Hard,259,106220,104327,417.0,200.0,41
42,2020-8888,Atp Cup,Hard,258,105676,105430,11.0,46.0,42
43,2020-8888,Atp Cup,Hard,257,104327,126612,200.0,816.0,43
44,2020-8888,Atp Cup,Hard,256,105777,105554,20.0,42.0,44
45,2020-8888,Atp Cup,Hard,255,111815,106220,52.0,417.0,45
46,2020-8888,Atp Cup,Hard,254,105554,105430,42.0,46.0,46
47,2020-8888,Atp Cup,Hard,253,111815,126612,52.0,816.0,47
48,2020-8888,Atp Cup,Hard,252,105777,105430,20.0,46.0,48
49,2020-8888,Atp Cup,Hard,251,106220,126612,417.0,816.0,49
50,2020-8888,Atp Cup,Hard,250,106421,104926,5.0,12.0,50
51,2020-8888,Atp Cup,Hard,249,111575,105882,17.0,82.0,51
52,2020-8888,Atp Cup,Hard,248,106421,104545,5.0,19.0,52
53,2020-8888,Atp Cup,Hard,247,111575,126203,17.0,31.0,53
54,2020-8888,Atp Cup,Hard,246,106421,134770,5.0,53.0,54
55,2020-8888,Atp Cup,Hard,245,111575,126340,17.0,329.0,55
56,2020-8888,Atp Cup,Hard,244,104926,104545,12.0,19.0,56
57,2020-8888,Atp Cup,Hard,243,105882,126203,82.0,31.0,57
58,2020-8888,Atp Cup,Hard,242,134770,104926,53.0,12.0,58
59,2020-8888,Atp Cup,Hard,241,105882,126340,82.0,329.0,59
60,2020-8888,Atp Cup,Hard,240,134770,104545,53.0,19.0,60
61,2020-8888,Atp Cup,Hard,239,126203,126340,31.0,329.0,61
62,2020-8888,Atp Cup,Hard,238,106432,106233,28.0,4.0,62
63,2020-8888,Atp Cup,Hard,237,105227,110602,38.0,105.0,63
64,2020-8888,Atp Cup,Hard,236,106233,106043,4.0,13.0,64
65,2020-8888,Atp Cup,Hard,235,110602,105550,105.0,25.0,65
66,2020-8888,Atp Cup,Hard,234,128034,106233,37.0,4.0,66
67,2020-8888,Atp Cup,Hard,233,200390,110602,448.0,105.0,67
68,2020-8888,Atp Cup,Hard,232,106043,106432,13.0,28.0,68
69,2020-8888,Atp Cup,Hard,231,105550,105227,25.0,38.0,69
70,2020-8888,Atp Cup,Hard,230,128034,106432,37.0,28.0,70
71,2020-8888,Atp Cup,Hard,229,105227,200390,38.0,448.0,71
72,2020-8888,Atp Cup,Hard,228,128034,106043,37.0,13.0,72
73,2020-8888,Atp Cup,Hard,227,105550,111794,25.0,97.0,73
74,2020-8888,Atp Cup,Hard,226,126774,100644,6.0,7.0,74
75,2020-8888,Atp Cup,Hard,225,105526,133018,35.0,486.0,75
76,2020-8888,Atp Cup,Hard,224,133430,100644,14.0,7.0,76
77,2020-8888,Atp Cup,Hard,223,105526,200000,35.0,21.0,77
78,2020-8888,Atp Cup,Hard,222,200282,100644,18.0,7.0,78
79,2020-8888,Atp Cup,Hard,221,106401,105526,29.0,35.0,79
80,2020-8888,Atp Cup,Hard,220,133430,126774,14.0,6.0,80
81,2020-8888,Atp Cup,Hard,219,200000,133018,21.0,486.0,81
82,2020-8888,Atp Cup,Hard,218,106401,126774,29.0,6.0,82
83,2020-8888,Atp Cup,Hard,217,105357,133018,48.0,486.0,83
84,2020-8888,Atp Cup,Hard,216,200282,133430,18.0,14.0,84
85,2020-8888,Atp Cup,Hard,215,105357,200000,48.0,21.0,85
86,2020-0451,Doha,Hard,300,126094,144895,23.0,81.0,86
87,2020-0451,Doha,Hard,299,144895,104527,81.0,15.0,87
88,2020-0451,Doha,Hard,298,126094,200175,23.0,62.0,88
89,2020-0451,Doha,Hard,297,104527,105379,15.0,58.0,89
90,2020-0451,Doha,Hard,296,144895,104269,81.0,49.0,90
91,2020-0451,Doha,Hard,295,200175,105916,62.0,70.0,91
92,2020-0451,Doha,Hard,294,126094,105732,23.0,65.0,92
93,2020-0451,Doha,Hard,293,104527,104871,15.0,54.0,93
94,2020-0451,Doha,Hard,292,105379,122330,58.0,55.0,94
95,2020-0451,Doha,Hard,291,144895,105683,81.0,32.0,95
96,2020-0451,Doha,Hard,290,104269,105936,49.0,40.0,96
97,2020-0451,Doha,Hard,289,105916,117356,70.0,279.0,97
98,2020-0451,Doha,Hard,288,200175,104542,62.0,30.0,98
99,2020-0451,Doha,Hard,287,105732,111513,65.0,39.0,99
100,2020-0451,Doha,Hard,286,126094,105062,23.0,66.0,100
101,2020-0451,Doha,Hard,284,104871,106296,54.0,83.0,101
102,2020-0451,Doha,Hard,283,105379,144707,58.0,76.0,102
103,2020-0451,Doha,Hard,282,122330,105173,55.0,43.0,103
104,2020-0451,Doha,Hard,280,144895,105815,81.0,68.0,104
105,2020-0451,Doha,Hard,279,104269,104665,49.0,64.0,105
106,2020-0451,Doha,Hard,278,105936,106378,40.0,69.0,106
107,2020-0451,Doha,Hard,277,105916,126207,70.0,47.0,107
108,2020-0451,Doha,Hard,276,117356,105575,279.0,67.0,108
109,2020-0451,Doha,Hard,275,200175,111442,62.0,63.0,109
110,2020-0451,Doha,Hard,273,111513,132283,39.0,51.0,110
111,2020-0451,Doha,Hard,272,105732,106065,65.0,75.0,111
112,2020-0451,Doha,Hard,271,105062,104291,66.0,229.0,112
113,2020-M056,Adelaide,Hard,300,126094,144750,18.0,91.0,113
114,2020-M056,Adelaide,Hard,299,144750,126205,91.0,90.0,114
115,2020-M056,Adelaide,Hard,298,126094,200000,18.0,22.0,115
116,2020-M056,Adelaide,Hard,297,126205,105077,90.0,42.0,116
117,2020-M056,Adelaide,Hard,296,144750,105807,91.0,30.0,117
118,2020-M056,Adelaide,Hard,295,126094,105554,18.0,33.0,118
119,2020-M056,Adelaide,Hard,294,200000,106109,22.0,157.0,119
120,2020-M056,Adelaide,Hard,293,105077,144719,42.0,88.0,120
121,2020-M056,Adelaide,Hard,292,126205,104655,90.0,44.0,121
122,2020-M056,Adelaide,Hard,291,105807,104871,30.0,56.0,122
123,2020-M056,Adelaide,Hard,290,144750,111513,91.0,40.0,123
124,2020-M056,Adelaide,Hard,289,105554,122330,33.0,55.0,124
125,2020-M056,Adelaide,Hard,288,126094,105023,18.0,45.0,125
126,2020-M056,Adelaide,Hard,287,106109,105526,157.0,37.0,126
127,2020-M056,Adelaide,Hard,286,200000,105902,22.0,96.0,127
128,2020-M056,Adelaide,Hard,284,105077,111442,42.0,65.0,128
129,2020-M056,Adelaide,Hard,283,126205,105379,90.0,54.0,129
130,2020-M056,Adelaide,Hard,282,104655,124187,44.0,38.0,130
131,2020-M056,Adelaide,Hard,280,104871,104468,56.0,60.0,131
132,2020-M056,Adelaide,Hard,279,111513,200615,40.0,95.0,132
133,2020-M056,Adelaide,Hard,278,144750,106426,91.0,36.0,133
134,2020-M056,Adelaide,Hard,277,122330,126203,55.0,32.0,134
135,2020-M056,Adelaide,Hard,276,105554,106228,33.0,51.0,135
136,2020-M056,Adelaide,Hard,275,105023,106296,45.0,82.0,136
137,2020-M056,Adelaide,Hard,273,105526,106099,37.0,94.0,137
138,2020-M056,Adelaide,Hard,272,106109,103565,157.0,661.0,138
139,2020-M056,Adelaide,Hard,271,105902,105643,96.0,73.0,139
140,2020-0301,Auckland,Hard,300,200005,105332,57.0,24.0,140
141,2020-0301,Auckland,Hard,299,105332,128034,24.0,34.0,141
142,2020-0301,Auckland,Hard,298,200005,104545,57.0,20.0,142
143,2020-0301,Auckland,Hard,297,128034,103852,34.0,61.0,143
144,2020-0301,Auckland,Hard,296,105332,105357,24.0,47.0,144
145,2020-0301,Auckland,Hard,295,104545,106378,20.0,69.0,145
146,2020-0301,Auckland,Hard,294,200005,133430,57.0,13.0,146
147,2020-0301,Auckland,Hard,293,103852,104926,61.0,12.0,147
148,2020-0301,Auckland,Hard,292,128034,144707,34.0,77.0,148
149,2020-0301,Auckland,Hard,291,105357,111575,47.0,16.0,149
150,2020-0301,Auckland,Hard,290,105332,106329,24.0,86.0,150
151,2020-0301,Auckland,Hard,289,106378,104312,69.0,84.0,151
152,2020-0301,Auckland,Hard,288,104545,105815,20.0,101.0,152
153,2020-0301,Auckland,Hard,287,200005,106065,57.0,76.0,153
154,2020-0301,Auckland,Hard,286,133430,105577,13.0,146.0,154
155,2020-0301,Auckland,Hard,284,103852,104665,61.0,63.0,155
156,2020-0301,Auckland,Hard,283,144707,126207,77.0,49.0,156
157,2020-0301,Auckland,Hard,282,128034,132283,34.0,52.0,157
158,2020-0301,Auckland,Hard,280,105357,111581,47.0,227.0,158
159,2020-0301,Auckland,Hard,279,106329,111815,86.0,62.0,159
160,2020-0301,Auckland,Hard,278,105332,206173,24.0,79.0,160
161,2020-0301,Auckland,Hard,277,104312,105173,84.0,43.0,161
162,2020-0301,Auckland,Hard,276,106378,200221,69.0,85.0,162
164,2020-0301,Auckland,Hard,273,106065,104919,76.0,100.0,164
165,2020-0301,Auckland,Hard,272,200005,134770,57.0,46.0,165
166,2020-0301,Auckland,Hard,271,105577,105311,146.0,58.0,166
167,2020-580,Australian Open,Hard,100,104745,106198,1.0,73.0,167
168,2020-580,Australian Open,Hard,101,105643,105311,76.0,59.0,168
169,2020-580,Australian Open,Hard,102,105376,111153,120.0,221.0,169
170,2020-580,Australian Open,Hard,103,105807,106075,30.0,139.0,170
171,2020-580,Australian Open,Hard,104,106401,132283,26.0,53.0,171
172,2020-580,Australian Open,Hard,105,104468,104655,61.0,46.0,172
173,2020-580,Australian Open,Hard,106,144707,106034,78.0,93.0,173
174,2020-580,Australian Open,Hard,107,111575,106408,17.0,196.0,174
176,2020-580,Australian Open,Hard,109,103333,105577,124.0,138.0,176
177,2020-580,Australian Open,Hard,110,105379,105902,55.0,94.0,177
178,2020-580,Australian Open,Hard,111,105208,200000,256.0,22.0,178
179,2020-580,Australian Open,Hard,112,126203,134868,34.0,175.0,179
180,2020-580,Australian Open,Hard,113,104731,125802,122.0,149.0,180
181,2020-580,Australian Open,Hard,114,106109,105077,140.0,42.0,181
182,2020-580,Australian Open,Hard,115,106233,105173,5.0,44.0,182
183,2020-580,Australian Open,Hard,116,106421,126207,4.0,50.0,183
184,2020-580,Australian Open,Hard,117,124079,136440,168.0,89.0,184
185,2020-580,Australian Open,Hard,118,144719,200384,90.0,247.0,185
186,2020-580,Australian Open,Hard,119,200615,104542,96.0,33.0,186
187,2020-580,Australian Open,Hard,120,104545,106329,19.0,86.0,187
188,2020-580,Australian Open,Hard,121,126214,123755,208.0,186.0,188
189,2020-580,Australian Open,Hard,122,104312,200175,85.0,54.0,189
190,2020-580,Australian Open,Hard,123,104527,106000,15.0,92.0,190
191,2020-580,Australian Open,Hard,124,105676,104871,11.0,58.0,191
192,2020-580,Australian Open,Hard,125,105732,111815,64.0,62.0,192
193,2020-580,Australian Open,Hard,126,105216,200611,91.0,231.0,193
194,2020-580,Australian Open,Hard,127,126094,106331,16.0,115.0,194
195,2020-580,Australian Open,Hard,128,105932,126952,29.0,87.0,195
196,2020-580,Australian Open,Hard,129,104269,105539,51.0,106.0,196
197,2020-580,Australian Open,Hard,130,106078,134770,98.0,48.0,197
198,2020-580,Australian Open,Hard,131,100644,106065,7.0,77.0,198
199,2020-580,Australian Open,Hard,132,126610,106302,8.0,162.0,199
200,2020-580,Australian Open,Hard,133,105815,105477,100.0,202.0,200
201,2020-580,Australian Open,Hard,134,105575,106148,69.0,83.0,201
202,2020-580,Australian Open,Hard,135,105023,106432,45.0,28.0,202
203,2020-580,Australian Open,Hard,136,105550,105441,25.0,308.0,203
204,2020-580,Australian Open,Hard,137,106296,105633,84.0,173.0,204
205,2020-580,Australian Open,Hard,138,111442,122330,66.0,56.0,205
206,2020-580,Australian Open,Hard,139,104926,124187,12.0,38.0,206
207,2020-580,Australian Open,Hard,140,105916,133430,67.0,13.0,207
208,2020-580,Australian Open,Hard,141,206173,126845,82.0,216.0,208
209,2020-580,Australian Open,Hard,142,126205,104919,80.0,101.0,209
210,2020-580,Australian Open,Hard,143,105777,106228,20.0,52.0,210
211,2020-580,Australian Open,Hard,144,128034,110602,31.0,99.0,211
212,2020-580,Australian Open,Hard,145,105357,200005,47.0,43.0,212
213,2020-580,Australian Open,Hard,146,105936,111460,41.0,215.0,213
214,2020-580,Australian Open,Hard,147,103819,105449,3.0,75.0,214
215,2020-580,Australian Open,Hard,148,126774,106099,6.0,95.0,215
216,2020-580,Australian Open,Hard,149,104259,106218,79.0,107.0,216
217,2020-580,Australian Open,Hard,150,106426,105882,36.0,74.0,217
218,2020-580,Australian Open,Hard,151,105683,105841,35.0,150.0,218
219,2020-580,Australian Open,Hard,152,105332,105649,21.0,154.0,219
220,2020-580,Australian Open,Hard,153,105227,144895,39.0,70.0,220
221,2020-580,Australian Open,Hard,154,111581,104665,217.0,63.0,221
222,2020-580,Australian Open,Hard,155,105138,103852,9.0,57.0,222
223,2020-580,Australian Open,Hard,156,106043,144750,14.0,72.0,223
224,2020-580,Australian Open,Hard,157,200221,105613,88.0,113.0,224
225,2020-580,Australian Open,Hard,158,117360,105062,133.0,68.0,225
226,2020-580,Australian Open,Hard,159,105583,106378,27.0,65.0,226
227,2020-580,Australian Open,Hard,160,105554,111456,32.0,129.0,227
228,2020-580,Australian Open,Hard,161,106415,111513,71.0,40.0,228
229,2020-580,Australian Open,Hard,162,105147,105432,146.0,123.0,229
230,2020-580,Australian Open,Hard,163,104925,105526,2.0,37.0,230
231,2020-580,Australian Open,Hard,164,104745,105643,1.0,76.0,231
232,2020-580,Australian Open,Hard,165,105807,105376,30.0,120.0,232
233,2020-580,Australian Open,Hard,166,106401,104468,26.0,61.0,233
234,2020-580,Australian Open,Hard,167,111575,144707,17.0,78.0,234
235,2020-580,Australian Open,Hard,168,104792,103333,10.0,124.0,235
236,2020-580,Australian Open,Hard,169,105208,105379,256.0,55.0,236
237,2020-580,Australian Open,Hard,170,126203,104731,34.0,122.0,237
238,2020-580,Australian Open,Hard,171,106233,106109,5.0,140.0,238
239,2020-580,Australian Open,Hard,172,106421,124079,4.0,168.0,239
240,2020-580,Australian Open,Hard,173,200615,144719,96.0,90.0,240
241,2020-580,Australian Open,Hard,174,104545,126214,19.0,208.0,241
242,2020-580,Australian Open,Hard,175,104527,104312,15.0,85.0,242
243,2020-580,Australian Open,Hard,176,105676,105732,11.0,64.0,243
244,2020-580,Australian Open,Hard,177,126094,105216,16.0,91.0,244
245,2020-580,Australian Open,Hard,178,104269,105932,51.0,29.0,245
246,2020-580,Australian Open,Hard,179,100644,106078,7.0,98.0,246
247,2020-580,Australian Open,Hard,180,105815,126610,100.0,8.0,247
248,2020-580,Australian Open,Hard,181,105023,105575,45.0,69.0,248
249,2020-580,Australian Open,Hard,182,105550,106296,25.0,84.0,249
250,2020-580,Australian Open,Hard,183,104926,111442,12.0,66.0,250
251,2020-580,Australian Open,Hard,184,105916,206173,67.0,82.0,251
252,2020-580,Australian Open,Hard,185,126205,105777,80.0,20.0,252
253,2020-580,Australian Open,Hard,186,105357,128034,47.0,31.0,253
254,2020-580,Australian Open,Hard,187,103819,105936,3.0,41.0,254
255,2020-580,Australian Open,Hard,188,126774,104259,6.0,79.0,255
256,2020-580,Australian Open,Hard,189,105683,106426,35.0,36.0,256
257,2020-580,Australian Open,Hard,190,105227,105332,39.0,21.0,257
258,2020-580,Australian Open,Hard,191,105138,111581,9.0,217.0,258
259,2020-580,Australian Open,Hard,192,106043,200221,14.0,88.0,259
260,2020-580,Australian Open,Hard,193,105583,117360,27.0,133.0,260
261,2020-580,Australian Open,Hard,194,106415,105554,71.0,32.0,261
262,2020-580,Australian Open,Hard,195,104925,105147,2.0,146.0,262
263,2020-580,Australian Open,Hard,196,104745,105807,1.0,30.0,263
264,2020-580,Australian Open,Hard,197,106401,111575,26.0,17.0,264
265,2020-580,Australian Open,Hard,198,104792,105208,10.0,256.0,265
266,2020-580,Australian Open,Hard,199,106233,126203,5.0,34.0,266
267,2020-580,Australian Open,Hard,200,106421,200615,4.0,96.0,267
268,2020-580,Australian Open,Hard,201,104527,104545,15.0,19.0,268
269,2020-580,Australian Open,Hard,202,126094,105676,16.0,11.0,269
270,2020-580,Australian Open,Hard,203,100644,104269,7.0,51.0,270
271,2020-580,Australian Open,Hard,204,105815,105023,100.0,45.0,271
272,2020-580,Australian Open,Hard,205,104926,105550,12.0,25.0,272
273,2020-580,Australian Open,Hard,206,105916,126205,67.0,80.0,273
274,2020-580,Australian Open,Hard,207,103819,105357,3.0,47.0,274
275,2020-580,Australian Open,Hard,208,105683,126774,35.0,6.0,275
276,2020-580,Australian Open,Hard,209,105227,105138,39.0,9.0,276
277,2020-580,Australian Open,Hard,210,106043,105583,14.0,27.0,277
278,2020-580,Australian Open,Hard,211,104925,106415,2.0,71.0,278
279,2020-580,Australian Open,Hard,212,104745,106401,1.0,26.0,279
280,2020-580,Australian Open,Hard,213,106233,104792,5.0,10.0,280
281,2020-580,Australian Open,Hard,214,104527,106421,15.0,4.0,281
282,2020-580,Australian Open,Hard,215,100644,126094,7.0,16.0,282
283,2020-580,Australian Open,Hard,216,105815,104926,100.0,12.0,283
284,2020-580,Australian Open,Hard,217,103819,105916,3.0,67.0,284
285,2020-580,Australian Open,Hard,218,105683,105227,35.0,39.0,285
286,2020-580,Australian Open,Hard,219,104925,106043,2.0,14.0,286
287,2020-580,Australian Open,Hard,220,106233,104745,5.0,1.0,287
288,2020-580,Australian Open,Hard,221,100644,104527,7.0,15.0,288
289,2020-580,Australian Open,Hard,222,103819,105815,3.0,100.0,289
290,2020-580,Australian Open,Hard,223,104925,105683,2.0,35.0,290
291,2020-580,Australian Open,Hard,224,106233,100644,5.0,7.0,291
292,2020-580,Australian Open,Hard,225,104925,103819,2.0,3.0,292
293,2020-580,Australian Open,Hard,226,104925,106233,2.0,5.0,293
294,2020-9158,Cordoba,Clay,300,106426,106043,31.0,14.0,294
295,2020-9158,Cordoba,Clay,299,106043,111513,14.0,39.0,295
296,2020-9158,Cordoba,Clay,298,106426,105413,31.0,100.0,296
297,2020-9158,Cordoba,Clay,297,106043,105077,14.0,42.0,297
298,2020-9158,Cordoba,Clay,296,111513,106228,39.0,50.0,298
299,2020-9158,Cordoba,Clay,295,106426,104655,31.0,48.0,299
300,2020-9158,Cordoba,Clay,294,105413,144895,100.0,71.0,300
301,2020-9158,Cordoba,Clay,293,106043,144719,14.0,87.0,301
302,2020-9158,Cordoba,Clay,292,105077,104665,42.0,63.0,302
303,2020-9158,Cordoba,Clay,291,111513,124079,39.0,150.0,303
304,2020-9158,Cordoba,Clay,290,106228,106398,50.0,354.0,304
305,2020-9158,Cordoba,Clay,289,104655,126149,48.0,133.0,305
306,2020-9158,Cordoba,Clay,288,106426,105226,31.0,108.0,306
307,2020-9158,Cordoba,Clay,287,105413,126535,100.0,198.0,307
308,2020-9158,Cordoba,Clay,286,144895,105550,71.0,22.0,308
309,2020-9158,Cordoba,Clay,284,144719,104919,87.0,103.0,309
310,2020-9158,Cordoba,Clay,283,104665,106110,63.0,173.0,310
311,2020-9158,Cordoba,Clay,282,105077,105487,42.0,135.0,311
312,2020-9158,Cordoba,Clay,280,124079,105943,150.0,124.0,312
313,2020-9158,Cordoba,Clay,279,106398,106198,354.0,77.0,313
314,2020-9158,Cordoba,Clay,278,106228,106065,50.0,72.0,314
315,2020-9158,Cordoba,Clay,277,104655,105643,48.0,74.0,315
316,2020-9158,Cordoba,Clay,276,126149,126663,133.0,244.0,316
317,2020-9158,Cordoba,Clay,275,105226,132283,108.0,52.0,317
318,2020-9158,Cordoba,Clay,273,126535,104269,198.0,49.0,318
319,2020-9158,Cordoba,Clay,272,105413,105948,100.0,116.0,319
320,2020-9158,Cordoba,Clay,271,144895,106329,71.0,89.0,320
321,2020-0375,Montpellier,Hard,300,104792,105577,9.0,132.0,321
322,2020-0375,Montpellier,Hard,299,104792,105936,9.0,44.0,322
323,2020-0375,Montpellier,Hard,298,105577,105676,132.0,10.0,323
324,2020-0375,Montpellier,Hard,297,104792,105613,9.0,104.0,324
325,2020-0375,Montpellier,Hard,296,105936,106296,44.0,91.0,325
326,2020-0375,Montpellier,Hard,295,105577,104755,132.0,58.0,326
327,2020-0375,Montpellier,Hard,294,105676,105732,10.0,67.0,327
328,2020-0375,Montpellier,Hard,293,104792,105173,9.0,45.0,328
329,2020-0375,Montpellier,Hard,292,105613,200325,104.0,101.0,329
330,2020-0375,Montpellier,Hard,291,106296,105777,91.0,23.0,330
331,2020-0375,Montpellier,Hard,290,105936,144707,44.0,76.0,331
332,2020-0375,Montpellier,Hard,289,104755,103852,58.0,55.0,332
333,2020-0375,Montpellier,Hard,288,105577,133430,132.0,16.0,333
334,2020-0375,Montpellier,Hard,287,105732,200000,67.0,21.0,334
335,2020-0375,Montpellier,Hard,286,105676,122330,10.0,54.0,335
336,2020-0375,Montpellier,Hard,284,105173,200615,45.0,99.0,336
337,2020-0375,Montpellier,Hard,283,200325,110602,101.0,93.0,337
338,2020-0375,Montpellier,Hard,282,105613,105807,104.0,29.0,338
339,2020-0375,Montpellier,Hard,280,106296,105311,91.0,69.0,339
340,2020-0375,Montpellier,Hard,279,144707,206173,76.0,78.0,340
341,2020-0375,Montpellier,Hard,278,105936,111505,44.0,214.0,341
342,2020-0375,Montpellier,Hard,277,103852,200005,55.0,43.0,342
343,2020-0375,Montpellier,Hard,276,104755,104468,58.0,59.0,343
344,2020-0375,Montpellier,Hard,275,105577,105379,132.0,51.0,344
345,2020-0375,Montpellier,Hard,273,200000,106000,21.0,97.0,345
346,2020-0375,Montpellier,Hard,272,105732,104660,67.0,153.0,346
347,2020-0375,Montpellier,Hard,271,122330,105967,54.0,112.0,347
348,2020-0891,Pune,Hard,300,106210,106078,107.0,90.0,348
349,2020-0891,Pune,Hard,299,106078,105902,90.0,96.0,349
350,2020-0891,Pune,Hard,298,106210,105575,107.0,73.0,350
351,2020-0891,Pune,Hard,297,105902,105406,96.0,174.0,351
352,2020-0891,Pune,Hard,296,106078,126952,90.0,88.0,352
353,2020-0891,Pune,Hard,295,106210,125802,107.0,152.0,353
354,2020-0891,Pune,Hard,294,105575,105216,73.0,86.0,354
355,2020-0891,Pune,Hard,293,105406,105332,174.0,19.0,355
356,2020-0891,Pune,Hard,292,105902,106121,96.0,102.0,356
357,2020-0891,Pune,Hard,291,126952,105432,88.0,122.0,357
358,2020-0891,Pune,Hard,290,106078,110748,90.0,148.0,358
359,2020-0891,Pune,Hard,289,106210,106099,107.0,98.0,359
360,2020-0891,Pune,Hard,288,125802,105882,152.0,82.0,360
361,2020-0891,Pune,Hard,287,105216,104678,86.0,191.0,361
362,2020-0891,Pune,Hard,286,105575,105649,73.0,149.0,362
363,2020-0891,Pune,Hard,284,105406,104586,174.0,176.0,363
364,2020-0891,Pune,Hard,283,106121,124154,102.0,263.0,364
365,2020-0891,Pune,Hard,282,105902,105376,96.0,106.0,365
366,2020-0891,Pune,Hard,280,105432,120424,122.0,131.0,366
367,2020-0891,Pune,Hard,279,110748,126156,148.0,126.0,367
368,2020-0891,Pune,Hard,278,106078,103893,90.0,115.0,368
369,2020-0891,Pune,Hard,277,106099,106368,98.0,182.0,369
370,2020-0891,Pune,Hard,276,106210,111459,107.0,612.0,370
371,2020-0891,Pune,Hard,275,125802,105539,152.0,109.0,371
372,2020-0891,Pune,Hard,273,105216,105341,86.0,134.0,372
373,2020-0891,Pune,Hard,272,104678,111576,191.0,125.0,373
374,2020-0891,Pune,Hard,271,105649,103333,149.0,121.0,374
375,2020-0506,Buenos Aires,Clay,300,134770,105155,45.0,145.0,375
376,2020-0506,Buenos Aires,Clay,299,105155,106043,145.0,14.0,376
377,2020-0506,Buenos Aires,Clay,298,134770,106228,45.0,69.0,377
378,2020-0506,Buenos Aires,Clay,297,106043,104655,14.0,48.0,378
379,2020-0506,Buenos Aires,Clay,296,105155,106329,145.0,92.0,379
380,2020-0506,Buenos Aires,Clay,295,134770,105583,45.0,23.0,380
381,2020-0506,Buenos Aires,Clay,294,106228,105550,69.0,27.0,381
382,2020-0506,Buenos Aires,Clay,293,106043,105643,14.0,87.0,382
383,2020-0506,Buenos Aires,Clay,292,104655,105077,48.0,42.0,383
384,2020-0506,Buenos Aires,Clay,291,106329,106432,92.0,31.0,384
385,2020-0506,Buenos Aires,Clay,290,105155,106075,145.0,129.0,385
386,2020-0506,Buenos Aires,Clay,289,134770,106148,45.0,88.0,386
387,2020-0506,Buenos Aires,Clay,288,105583,124079,23.0,142.0,387
388,2020-0506,Buenos Aires,Clay,287,106228,111513,69.0,35.0,388
389,2020-0506,Buenos Aires,Clay,286,105550,105487,27.0,134.0,389
390,2020-0506,Buenos Aires,Clay,284,105643,106198,87.0,77.0,390
391,2020-0506,Buenos Aires,Clay,283,104655,132283,48.0,49.0,391
392,2020-0506,Buenos Aires,Clay,282,105077,104919,42.0,107.0,392
393,2020-0506,Buenos Aires,Clay,280,106329,144719,92.0,95.0,393
394,2020-0506,Buenos Aires,Clay,279,106075,144895,129.0,76.0,394
395,2020-0506,Buenos Aires,Clay,278,105155,207680,145.0,471.0,395
396,2020-0506,Buenos Aires,Clay,277,134770,104665,45.0,58.0,396
397,2020-0506,Buenos Aires,Clay,276,106148,106065,88.0,73.0,397
398,2020-0506,Buenos Aires,Clay,275,124079,106249,142.0,175.0,398
399,2020-0506,Buenos Aires,Clay,273,111513,202103,35.0,239.0,399
400,2020-0506,Buenos Aires,Clay,272,106228,106110,69.0,182.0,400
401,2020-0506,Buenos Aires,Clay,271,105487,105413,134.0,93.0,401
402,2020-0424,New York,Hard,300,106378,104312,62.0,98.0,402
403,2020-0424,New York,Hard,299,104312,105359,98.0,131.0,403
404,2020-0424,New York,Hard,298,106378,200175,62.0,54.0,404
405,2020-0424,New York,Hard,297,104312,111442,98.0,63.0,405
406,2020-0424,New York,Hard,296,105359,124187,131.0,40.0,406
407,2020-0424,New York,Hard,295,200175,200005,54.0,43.0,407
408,2020-0424,New York,Hard,294,106378,126952,62.0,84.0,408
409,2020-0424,New York,Hard,293,111442,104545,63.0,18.0,409
410,2020-0424,New York,Hard,292,104312,105449,98.0,75.0,410
411,2020-0424,New York,Hard,291,124187,106415,40.0,64.0,411
412,2020-0424,New York,Hard,290,105359,111815,131.0,59.0,412
413,2020-0424,New York,Hard,289,200175,103893,54.0,116.0,413
414,2020-0424,New York,Hard,288,200005,106218,43.0,113.0,414
415,2020-0424,New York,Hard,287,106378,136440,62.0,94.0,415
416,2020-0424,New York,Hard,286,126952,105683,84.0,32.0,416
417,2020-0424,New York,Hard,284,111442,103333,63.0,122.0,417
418,2020-0424,New York,Hard,283,104312,106000,98.0,100.0,418
419,2020-0424,New York,Hard,282,105449,105815,75.0,53.0,419
420,2020-0424,New York,Hard,280,106415,105967,64.0,114.0,420
421,2020-0424,New York,Hard,279,105359,104731,131.0,120.0,421
423,2020-0424,New York,Hard,277,200175,126205,54.0,70.0,423
424,2020-0424,New York,Hard,276,103893,105905,116.0,159.0,424
426,2020-0424,New York,Hard,273,106378,106034,62.0,97.0,426
427,2020-0424,New York,Hard,272,136440,111790,94.0,121.0,427
428,2020-0424,New York,Hard,271,126952,104424,84.0,112.0,428
429,2020-0407,Rotterdam,Hard,300,104792,200000,9.0,21.0,429
430,2020-0407,Rotterdam,Hard,299,104792,105936,9.0,39.0,430
431,2020-0407,Rotterdam,Hard,298,200000,105807,21.0,30.0,431
432,2020-0407,Rotterdam,Hard,297,105936,126094,39.0,15.0,432
433,2020-0407,Rotterdam,Hard,296,104792,105554,9.0,33.0,433
434,2020-0407,Rotterdam,Hard,295,105807,206173,30.0,79.0,434
435,2020-0407,Rotterdam,Hard,294,200000,105379,21.0,52.0,435
436,2020-0407,Rotterdam,Hard,293,105936,105577,39.0,104.0,436
437,2020-0407,Rotterdam,Hard,292,126094,122330,15.0,56.0,437
438,2020-0407,Rotterdam,Hard,291,104792,104468,9.0,57.0,438
439,2020-0407,Rotterdam,Hard,290,105554,111575,33.0,17.0,439
440,2020-0407,Rotterdam,Hard,289,105807,105138,30.0,12.0,440
441,2020-0407,Rotterdam,Hard,288,206173,105676,79.0,10.0,441
442,2020-0407,Rotterdam,Hard,287,200000,105777,21.0,22.0,442
443,2020-0407,Rotterdam,Hard,286,105379,126774,52.0,6.0,443
444,2020-0407,Rotterdam,Hard,285,105577,106421,104.0,5.0,444
445,2020-0407,Rotterdam,Hard,284,105936,134868,39.0,172.0,445
446,2020-0407,Rotterdam,Hard,283,122330,106296,56.0,90.0,446
447,2020-0407,Rotterdam,Hard,282,126094,105932,15.0,28.0,447
448,2020-0407,Rotterdam,Hard,281,104792,105311,9.0,68.0,448
449,2020-0407,Rotterdam,Hard,280,104468,105062,57.0,67.0,449
450,2020-0407,Rotterdam,Hard,279,105554,104259,33.0,81.0,450
451,2020-0407,Rotterdam,Hard,278,111575,104926,17.0,11.0,451
452,2020-0407,Rotterdam,Hard,277,105138,105916,12.0,66.0,452
453,2020-0407,Rotterdam,Hard,276,105807,105173,30.0,44.0,453
454,2020-0407,Rotterdam,Hard,275,206173,105430,79.0,50.0,454
455,2020-0407,Rotterdam,Hard,274,105676,104898,10.0,167.0,455
456,2020-0407,Rotterdam,Hard,273,105777,133430,22.0,16.0,456
457,2020-0407,Rotterdam,Hard,272,200000,105526,21.0,34.0,457
458,2020-0407,Rotterdam,Hard,271,105379,105332,52.0,19.0,458
459,2020-0407,Rotterdam,Hard,270,126774,128034,6.0,29.0,459
460,2020-0499,Delray Beach,Hard,300,124187,106415,54.0,63.0,460
461,2020-0499,Delray Beach,Hard,299,106415,200005,63.0,44.0,461
462,2020-0499,Delray Beach,Hard,298,124187,105683,54.0,37.0,462
463,2020-0499,Delray Beach,Hard,297,200005,126207,44.0,84.0,463
464,2020-0499,Delray Beach,Hard,296,106415,206909,63.0,294.0,464
465,2020-0499,Delray Beach,Hard,295,124187,126952,54.0,82.0,465
466,2020-0499,Delray Beach,Hard,294,105683,105449,37.0,76.0,466
467,2020-0499,Delray Beach,Hard,293,126207,126205,84.0,70.0,467
468,2020-0499,Delray Beach,Hard,292,200005,200175,44.0,50.0,468
469,2020-0499,Delray Beach,Hard,291,206909,111815,294.0,60.0,469
470,2020-0499,Delray Beach,Hard,290,106415,111511,63.0,269.0,470
471,2020-0499,Delray Beach,Hard,289,126952,105992,82.0,433.0,471
472,2020-0499,Delray Beach,Hard,288,124187,111456,54.0,159.0,472
474,2020-0499,Delray Beach,Hard,286,105683,105649,37.0,147.0,474
475,2020-0499,Delray Beach,Hard,285,126205,123755,70.0,146.0,475
476,2020-0499,Delray Beach,Hard,284,126207,105877,84.0,148.0,476
477,2020-0499,Delray Beach,Hard,283,200175,111442,50.0,65.0,477
478,2020-0499,Delray Beach,Hard,282,200005,111578,44.0,367.0,478
479,2020-0499,Delray Beach,Hard,281,111815,126203,60.0,38.0,479
480,2020-0499,Delray Beach,Hard,280,206909,106210,294.0,74.0,480
481,2020-0499,Delray Beach,Hard,279,111511,105359,269.0,119.0,481
482,2020-0499,Delray Beach,Hard,278,106415,105357,63.0,40.0,482
483,2020-0499,Delray Beach,Hard,277,126952,105173,82.0,42.0,483
484,2020-0499,Delray Beach,Hard,276,105992,106000,433.0,108.0,484
485,2020-0499,Delray Beach,Hard,275,111456,106034,159.0,96.0,485
486,2020-0499,Delray Beach,Hard,274,124187,105208,54.0,224.0,486
488,2020-0499,Delray Beach,Hard,272,105449,105967,76.0,134.0,488
489,2020-0499,Delray Beach,Hard,271,105649,106071,147.0,197.0,489
490,2020-0499,Delray Beach,Hard,270,105683,104797,37.0,164.0,490
491,2020-0496,Marseille,Hard,300,126774,200000,6.0,18.0,491
492,2020-0496,Marseille,Hard,299,200000,104468,18.0,58.0,492
493,2020-0496,Marseille,Hard,298,126774,122330,6.0,55.0,493
494,2020-0496,Marseille,Hard,297,104468,106421,58.0,5.0,494
495,2020-0496,Marseille,Hard,296,200000,106078,18.0,72.0,495
496,2020-0496,Marseille,Hard,295,122330,133430,55.0,15.0,496
497,2020-0496,Marseille,Hard,294,126774,105577,6.0,98.0,497
498,2020-0496,Marseille,Hard,293,106421,206173,5.0,68.0,498
499,2020-0496,Marseille,Hard,292,104468,105379,58.0,47.0,499
500,2020-0496,Marseille,Hard,291,106078,105676,72.0,10.0,500
501,2020-0496,Marseille,Hard,290,200000,105732,18.0,79.0,501
502,2020-0496,Marseille,Hard,289,122330,105332,55.0,20.0,502
503,2020-0496,Marseille,Hard,288,133430,105227,15.0,39.0,503
504,2020-0496,Marseille,Hard,287,105577,128034,98.0,29.0,504
505,2020-0496,Marseille,Hard,286,126774,144707,6.0,75.0,505
506,2020-0496,Marseille,Hard,284,206173,105613,68.0,102.0,506
507,2020-0496,Marseille,Hard,283,104468,208004,58.0,509.0,507
508,2020-0496,Marseille,Hard,282,105379,111575,47.0,17.0,508
509,2020-0496,Marseille,Hard,280,106078,110602,72.0,95.0,509
510,2020-0496,Marseille,Hard,279,105732,105062,79.0,69.0,510
511,2020-0496,Marseille,Hard,278,200000,105882,18.0,85.0,511
512,2020-0496,Marseille,Hard,277,105332,106296,20.0,89.0,512
513,2020-0496,Marseille,Hard,276,122330,105916,55.0,73.0,513
514,2020-0496,Marseille,Hard,275,105227,125802,39.0,137.0,514
515,2020-0496,Marseille,Hard,273,128034,126156,29.0,129.0,515
516,2020-0496,Marseille,Hard,272,105577,200325,98.0,101.0,516
517,2020-0496,Marseille,Hard,271,144707,104755,75.0,57.0,517
518,2020-6932,Rio De Janeiro,Clay,300,106426,126149,25.0,128.0,518
519,2020-6932,Rio De Janeiro,Clay,299,126149,105226,128.0,106.0,519
520,2020-6932,Rio De Janeiro,Clay,298,106426,106432,25.0,32.0,520
521,2020-6932,Rio De Janeiro,Clay,297,126149,106233,128.0,4.0,521
522,2020-6932,Rio De Janeiro,Clay,296,105226,124079,106.0,133.0,522
523,2020-6932,Rio De Janeiro,Clay,295,106426,105948,25.0,116.0,523
524,2020-6932,Rio De Janeiro,Clay,294,106432,132283,32.0,52.0,524
525,2020-6932,Rio De Janeiro,Clay,293,106233,144719,4.0,99.0,525
526,2020-6932,Rio De Janeiro,Clay,292,126149,106249,128.0,169.0,526
527,2020-6932,Rio De Janeiro,Clay,291,105226,106329,106.0,88.0,527
528,2020-6932,Rio De Janeiro,Clay,290,124079,104665,133.0,59.0,528
529,2020-6932,Rio De Janeiro,Clay,289,105948,207989,116.0,406.0,529
530,2020-6932,Rio De Janeiro,Clay,288,106426,105643,25.0,86.0,530
531,2020-6932,Rio De Janeiro,Clay,287,106432,205734,32.0,206.0,531
532,2020-6932,Rio De Janeiro,Clay,286,132283,105583,52.0,23.0,532
533,2020-6932,Rio De Janeiro,Clay,285,106233,200335,4.0,341.0,533
534,2020-6932,Rio De Janeiro,Clay,284,144719,106099,99.0,97.0,534
535,2020-6932,Rio De Janeiro,Clay,283,106249,105943,169.0,127.0,535
536,2020-6932,Rio De Janeiro,Clay,282,126149,134770,128.0,34.0,536
537,2020-6932,Rio De Janeiro,Clay,281,106329,105550,88.0,26.0,537
538,2020-6932,Rio De Janeiro,Clay,280,105226,104655,106.0,46.0,538
539,2020-6932,Rio De Janeiro,Clay,279,124079,106198,133.0,78.0,539
540,2020-6932,Rio De Janeiro,Clay,278,104665,104269,59.0,49.0,540
541,2020-6932,Rio De Janeiro,Clay,277,207989,105077,406.0,41.0,541
542,2020-6932,Rio De Janeiro,Clay,276,105948,144895,116.0,77.0,542
543,2020-6932,Rio De Janeiro,Clay,275,105643,106148,86.0,93.0,543
544,2020-6932,Rio De Janeiro,Clay,274,106426,105413,25.0,94.0,544
545,2020-6932,Rio De Janeiro,Clay,273,106432,106228,32.0,61.0,545
546,2020-6932,Rio De Janeiro,Clay,272,205734,200221,206.0,90.0,546
547,2020-6932,Rio De Janeiro,Clay,271,132283,104919,52.0,109.0,547
548,2020-6932,Rio De Janeiro,Clay,270,105583,106065,23.0,111.0,548
549,2020-M004,Acapulco,Hard,300,104745,126203,2.0,35.0,549
550,2020-M004,Acapulco,Hard,299,104745,105777,2.0,22.0,550
551,2020-M004,Acapulco,Hard,298,126203,104545,35.0,20.0,551
552,2020-M004,Acapulco,Hard,297,104745,126952,2.0,76.0,552
553,2020-M004,Acapulco,Hard,296,105777,104527,22.0,16.0,553
554,2020-M004,Acapulco,Hard,295,126203,106378,35.0,44.0,554
555,2020-M004,Acapulco,Hard,294,104545,126205,20.0,66.0,555
556,2020-M004,Acapulco,Hard,293,104745,200175,2.0,50.0,556
557,2020-M004,Acapulco,Hard,292,126952,105583,76.0,24.0,557
558,2020-M004,Acapulco,Hard,291,104527,124079,16.0,113.0,558
559,2020-M004,Acapulco,Hard,290,105777,105173,22.0,42.0,559
560,2020-M004,Acapulco,Hard,289,126203,200005,35.0,43.0,560
561,2020-M004,Acapulco,Hard,288,106378,200000,44.0,19.0,561
562,2020-M004,Acapulco,Hard,287,104545,106218,20.0,115.0,562
563,2020-M004,Acapulco,Hard,286,126205,100644,66.0,7.0,563
564,2020-M004,Acapulco,Hard,285,104745,104665,2.0,54.0,564
565,2020-M004,Acapulco,Hard,284,200175,200282,50.0,25.0,565
566,2020-M004,Acapulco,Hard,283,126952,106121,76.0,110.0,566
567,2020-M004,Acapulco,Hard,282,105583,105449,24.0,73.0,567
568,2020-M004,Acapulco,Hard,281,104527,126207,16.0,82.0,568
569,2020-M004,Acapulco,Hard,280,124079,105430,113.0,69.0,569
570,2020-M004,Acapulco,Hard,279,105173,111815,42.0,58.0,570
571,2020-M004,Acapulco,Hard,278,105777,106000,22.0,109.0,571
572,2020-M004,Acapulco,Hard,277,200005,106401,43.0,23.0,572
573,2020-M004,Acapulco,Hard,276,126203,105357,35.0,40.0,573
574,2020-M004,Acapulco,Hard,275,106378,103852,44.0,52.0,574
575,2020-M004,Acapulco,Hard,274,200000,106109,19.0,137.0,575
576,2020-M004,Acapulco,Hard,273,104545,104999,20.0,257.0,576
577,2020-M004,Acapulco,Hard,272,106218,126204,115.0,518.0,577
578,2020-M004,Acapulco,Hard,271,126205,111456,66.0,196.0,578
579,2020-M004,Acapulco,Hard,270,100644,105359,7.0,119.0,579
580,2020-0495,Dubai,Hard,300,104925,126774,1.0,6.0,580
581,2020-0495,Dubai,Hard,299,104925,104792,1.0,9.0,581
582,2020-0495,Dubai,Hard,298,126774,105554,6.0,37.0,582
583,2020-0495,Dubai,Hard,297,104925,111575,1.0,17.0,583
584,2020-0495,Dubai,Hard,296,104792,104755,9.0,56.0,584
585,2020-0495,Dubai,Hard,295,105554,126094,37.0,14.0,585
586,2020-0495,Dubai,Hard,294,126774,105526,6.0,34.0,586
587,2020-0495,Dubai,Hard,293,104925,104259,1.0,80.0,587
588,2020-0495,Dubai,Hard,292,111575,110602,17.0,96.0,588
589,2020-0495,Dubai,Hard,291,104792,106034,9.0,99.0,589
590,2020-0495,Dubai,Hard,290,104755,105332,56.0,21.0,590
591,2020-0495,Dubai,Hard,289,126094,105936,14.0,33.0,591
592,2020-0495,Dubai,Hard,288,105554,105732,37.0,78.0,592
593,2020-0495,Dubai,Hard,287,105526,105932,34.0,29.0,593
594,2020-0495,Dubai,Hard,286,126774,122330,6.0,47.0,594
595,2020-0495,Dubai,Hard,285,104925,104291,1.0,260.0,595
596,2020-0495,Dubai,Hard,284,104259,105633,80.0,132.0,596
597,2020-0495,Dubai,Hard,283,110602,105432,96.0,134.0,597
598,2020-0495,Dubai,Hard,282,111575,105062,17.0,89.0,598
599,2020-0495,Dubai,Hard,281,104792,105916,9.0,70.0,599
600,2020-0495,Dubai,Hard,280,106034,104229,99.0,962.0,600
601,2020-0495,Dubai,Hard,279,104755,144750,56.0,93.0,601
602,2020-0495,Dubai,Hard,278,105332,105227,21.0,36.0,602
603,2020-0495,Dubai,Hard,277,126094,207518,14.0,311.0,603
604,2020-0495,Dubai,Hard,276,105936,105311,33.0,68.0,604
605,2020-0495,Dubai,Hard,275,105732,106415,78.0,48.0,605
606,2020-0495,Dubai,Hard,274,105554,104926,37.0,11.0,606
607,2020-0495,Dubai,Hard,273,105526,105138,34.0,12.0,607
608,2020-0495,Dubai,Hard,272,105932,105575,29.0,62.0,608
609,2020-0495,Dubai,Hard,271,122330,128034,47.0,30.0,609
610,2020-0495,Dubai,Hard,270,126774,105807,6.0,27.0,610
611,2020-8996,Santiago,Clay,300,205734,134770,182.0,38.0,611
612,2020-8996,Santiago,Clay,299,205734,105952,182.0,297.0,612
613,2020-8996,Santiago,Clay,298,134770,105077,38.0,45.0,613
614,2020-8996,Santiago,Clay,297,205734,106426,182.0,18.0,614
615,2020-8996,Santiago,Clay,296,105952,106198,297.0,94.0,615
616,2020-8996,Santiago,Clay,295,105077,106329,45.0,88.0,616
617,2020-8996,Santiago,Clay,294,134770,105643,38.0,85.0,617
618,2020-8996,Santiago,Clay,293,106426,200221,18.0,98.0,618
619,2020-8996,Santiago,Clay,292,205734,106228,182.0,63.0,619
620,2020-8996,Santiago,Clay,291,105952,104655,297.0,60.0,620
621,2020-8996,Santiago,Clay,290,106198,144642,94.0,300.0,621
622,2020-8996,Santiago,Clay,289,106329,106148,88.0,97.0,622
623,2020-8996,Santiago,Clay,288,105077,122669,45.0,146.0,623
624,2020-8996,Santiago,Clay,287,105643,106099,85.0,100.0,624
625,2020-8996,Santiago,Clay,286,134770,126214,38.0,166.0,625
626,2020-8996,Santiago,Clay,284,200221,105413,98.0,95.0,626
627,2020-8996,Santiago,Clay,283,205734,105487,182.0,131.0,627
628,2020-8996,Santiago,Clay,282,106228,105948,63.0,104.0,628
629,2020-8996,Santiago,Clay,280,105952,105155,297.0,108.0,629
630,2020-8996,Santiago,Clay,279,144642,126535,300.0,175.0,630
631,2020-8996,Santiago,Clay,278,106198,106065,94.0,112.0,631
632,2020-8996,Santiago,Clay,277,106329,104919,88.0,111.0,632
633,2020-8996,Santiago,Clay,276,106148,144719,97.0,105.0,633
634,2020-8996,Santiago,Clay,275,122669,106110,146.0,164.0,634
635,2020-8996,Santiago,Clay,273,105643,105373,85.0,158.0,635
636,2020-8996,Santiago,Clay,272,106099,106075,100.0,120.0,636
637,2020-8996,Santiago,Clay,271,126214,103893,166.0,121.0,637
638,2020-M024,Cincinnati Masters,Hard,300,104925,105683,1.0,30.0,638
639,2020-M024,Cincinnati Masters,Hard,299,104925,105138,1.0,12.0,639
640,2020-M024,Cincinnati Masters,Hard,298,105683,126774,30.0,6.0,640
641,2020-M024,Cincinnati Masters,Hard,297,104925,105526,1.0,34.0,641
642,2020-M024,Cincinnati Masters,Hard,296,105138,106421,12.0,5.0,642
643,2020-M024,Cincinnati Masters,Hard,295,126774,124187,6.0,39.0,643
644,2020-M024,Cincinnati Masters,Hard,294,105683,105936,30.0,32.0,644
645,2020-M024,Cincinnati Masters,Hard,293,104925,105815,1.0,55.0,645
646,2020-M024,Cincinnati Masters,Hard,292,105526,105676,34.0,10.0,646
647,2020-M024,Cincinnati Masters,Hard,291,106421,105379,5.0,61.0,647
648,2020-M024,Cincinnati Masters,Hard,290,105138,111575,12.0,16.0,648
649,2020-M024,Cincinnati Masters,Hard,289,124187,126610,39.0,8.0,649
650,2020-M024,Cincinnati Masters,Hard,288,126774,104545,6.0,21.0,650
651,2020-M024,Cincinnati Masters,Hard,287,105683,104918,30.0,134.0,651
652,2020-M024,Cincinnati Masters,Hard,286,105936,105916,32.0,84.0,652
653,2020-M024,Cincinnati Masters,Hard,285,104925,105575,1.0,72.0,653
654,2020-M024,Cincinnati Masters,Hard,284,105815,200000,55.0,20.0,654
655,2020-M024,Cincinnati Masters,Hard,283,105526,133430,34.0,17.0,655
656,2020-M024,Cincinnati Masters,Hard,282,105676,106432,10.0,33.0,656
657,2020-M024,Cincinnati Masters,Hard,281,106421,106218,5.0,101.0,657
658,2020-M024,Cincinnati Masters,Hard,280,105379,126203,61.0,24.0,658
659,2020-M024,Cincinnati Masters,Hard,279,111575,105807,16.0,25.0,659
660,2020-M024,Cincinnati Masters,Hard,278,105138,104755,12.0,50.0,660
661,2020-M024,Cincinnati Masters,Hard,277,126610,200325,8.0,100.0,661
662,2020-M024,Cincinnati Masters,Hard,276,124187,106043,39.0,13.0,662
663,2020-M024,Cincinnati Masters,Hard,275,104545,105357,21.0,43.0,663
664,2020-M024,Cincinnati Masters,Hard,274,126774,104731,6.0,124.0,664
665,2020-M024,Cincinnati Masters,Hard,273,104918,100644,134.0,7.0,665
666,2020-M024,Cincinnati Masters,Hard,272,105683,105554,30.0,28.0,666
667,2020-M024,Cincinnati Masters,Hard,271,105916,105777,84.0,19.0,667
668,2020-M024,Cincinnati Masters,Hard,270,105936,106233,32.0,3.0,668
669,2020-M024,Cincinnati Masters,Hard,268,105575,126205,72.0,57.0,669
670,2020-M024,Cincinnati Masters,Hard,267,105815,132283,55.0,46.0,670
671,2020-M024,Cincinnati Masters,Hard,266,200000,105932,20.0,27.0,671
672,2020-M024,Cincinnati Masters,Hard,265,133430,105227,17.0,37.0,672
673,2020-M024,Cincinnati Masters,Hard,264,105526,200282,34.0,26.0,673
674,2020-M024,Cincinnati Masters,Hard,263,106432,105332,33.0,22.0,674
675,2020-M024,Cincinnati Masters,Hard,260,106218,111456,101.0,269.0,675
676,2020-M024,Cincinnati Masters,Hard,259,126203,144750,24.0,97.0,676
677,2020-M024,Cincinnati Masters,Hard,258,105379,106426,61.0,18.0,677
678,2020-M024,Cincinnati Masters,Hard,257,111575,122330,16.0,51.0,678
679,2020-M024,Cincinnati Masters,Hard,256,105807,105583,25.0,23.0,679
680,2020-M024,Cincinnati Masters,Hard,255,104755,200670,50.0,143.0,680
681,2020-M024,Cincinnati Masters,Hard,252,200325,200624,100.0,225.0,681
682,2020-M024,Cincinnati Masters,Hard,251,124187,111815,39.0,77.0,682
683,2020-M024,Cincinnati Masters,Hard,250,106043,134770,13.0,36.0,683
684,2020-M024,Cincinnati Masters,Hard,249,104545,128034,21.0,29.0,684
685,2020-M024,Cincinnati Masters,Hard,248,105357,105173,43.0,38.0,685
686,2020-M024,Cincinnati Masters,Hard,247,104731,106378,124.0,44.0,686
687,2020-M024,Cincinnati Masters,Hard,244,104918,126207,134.0,81.0,687
688,2020-M024,Cincinnati Masters,Hard,243,105683,105023,30.0,45.0,688
689,2020-M024,Cincinnati Masters,Hard,242,105554,126094,28.0,14.0,689
690,2020-M024,Cincinnati Masters,Hard,241,105777,200005,19.0,42.0,690
691,2020-M024,Cincinnati Masters,Hard,240,105916,105613,84.0,109.0,691
692,2020-M024,Cincinnati Masters,Hard,239,105936,106099,32.0,99.0,692
693,2020-560,Us Open,Hard,100,104925,106000,1.0,109.0,693
694,2020-560,Us Open,Hard,101,106378,122330,44.0,54.0,694
695,2020-560,Us Open,Hard,102,111581,105311,186.0,68.0,695
696,2020-560,Us Open,Hard,103,105526,124079,29.0,106.0,696
697,2020-560,Us Open,Hard,104,105807,106034,27.0,86.0,697
698,2020-560,Us Open,Hard,105,106283,105155,198.0,110.0,698
699,2020-560,Us Open,Hard,106,105575,105943,65.0,132.0,699
700,2020-560,Us Open,Hard,107,105449,104545,64.0,22.0,700
701,2020-560,Us Open,Hard,108,133430,200624,17.0,205.0,701
702,2020-560,Us Open,Hard,109,126952,111515,73.0,187.0,702
703,2020-560,Us Open,Hard,110,104468,105633,52.0,135.0,703
704,2020-560,Us Open,Hard,111,126203,136440,25.0,91.0,704
705,2020-560,Us Open,Hard,112,105936,144707,26.0,71.0,705
706,2020-560,Us Open,Hard,113,106218,117360,96.0,121.0,706
707,2020-560,Us Open,Hard,114,144750,106065,95.0,108.0,707
708,2020-560,Us Open,Hard,115,105676,124187,10.0,35.0,708
709,2020-560,Us Open,Hard,116,126774,105077,6.0,41.0,709
710,2020-560,Us Open,Hard,117,202195,106075,168.0,123.0,710
711,2020-560,Us Open,Hard,118,106228,105539,62.0,114.0,711
712,2020-560,Us Open,Hard,119,106432,104665,32.0,56.0,712
713,2020-560,Us Open,Hard,120,106078,105583,72.0,24.0,713
714,2020-560,Us Open,Hard,121,111442,105882,63.0,87.0,714
715,2020-560,Us Open,Hard,122,105062,105226,90.0,78.0,715
716,2020-560,Us Open,Hard,123,106426,200265,19.0,244.0,716
717,2020-560,Us Open,Hard,124,111815,106043,76.0,13.0,717
718,2020-560,Us Open,Hard,125,105948,105359,103.0,122.0,718
719,2020-560,Us Open,Hard,126,200221,110602,99.0,85.0,719
720,2020-560,Us Open,Hard,127,128034,105376,33.0,127.0,720
721,2020-560,Us Open,Hard,128,105173,132283,39.0,46.0,721
722,2020-560,Us Open,Hard,129,106058,104655,389.0,61.0,722
723,2020-560,Us Open,Hard,130,206909,103893,223.0,125.0,723
724,2020-560,Us Open,Hard,131,100644,104731,7.0,117.0,724
725,2020-560,Us Open,Hard,132,126610,104424,8.0,119.0,725
726,2020-560,Us Open,Hard,133,200005,105216,42.0,88.0,726
727,2020-560,Us Open,Hard,134,200325,105379,92.0,53.0,727
728,2020-560,Us Open,Hard,135,134770,111456,37.0,243.0,728
729,2020-560,Us Open,Hard,136,124014,111794,185.0,107.0,729
730,2020-560,Us Open,Hard,137,106099,105902,100.0,84.0,730
731,2020-560,Us Open,Hard,138,106296,106121,93.0,112.0,731
732,2020-560,Us Open,Hard,139,126094,104871,14.0,60.0,732
733,2020-560,Us Open,Hard,140,105777,126205,20.0,58.0,733
734,2020-560,Us Open,Hard,141,105916,106198,66.0,97.0,734
735,2020-560,Us Open,Hard,142,126207,104312,82.0,89.0,735
736,2020-560,Us Open,Hard,143,105357,105932,43.0,30.0,736
737,2020-560,Us Open,Hard,144,200670,105550,138.0,36.0,737
738,2020-560,Us Open,Hard,145,106148,103852,101.0,57.0,738
739,2020-560,Us Open,Hard,146,106331,111513,116.0,81.0,739
740,2020-560,Us Open,Hard,147,106421,105643,5.0,79.0,740
741,2020-560,Us Open,Hard,148,105138,105815,11.0,48.0,741
742,2020-560,Us Open,Hard,149,200175,126149,47.0,80.0,742
743,2020-560,Us Open,Hard,150,105577,104259,94.0,75.0,743
744,2020-560,Us Open,Hard,151,105683,104919,18.0,120.0,744
745,2020-560,Us Open,Hard,152,200282,105413,28.0,98.0,745
746,2020-560,Us Open,Hard,153,104755,103333,51.0,126.0,746
748,2020-560,Us Open,Hard,155,111575,206173,16.0,74.0,748
749,2020-560,Us Open,Hard,156,200000,106329,21.0,83.0,749
750,2020-560,Us Open,Hard,157,104918,106415,115.0,49.0,750
751,2020-560,Us Open,Hard,158,144895,106210,77.0,67.0,751
752,2020-560,Us Open,Hard,159,105554,205734,31.0,113.0,752
753,2020-560,Us Open,Hard,160,105227,106045,38.0,111.0,753
754,2020-560,Us Open,Hard,161,105613,105430,104.0,70.0,754
755,2020-560,Us Open,Hard,162,111576,105614,124.0,129.0,755
756,2020-560,Us Open,Hard,163,106233,144719,3.0,105.0,756
757,2020-560,Us Open,Hard,164,104925,106378,1.0,44.0,757
758,2020-560,Us Open,Hard,165,105526,111581,29.0,186.0,758
759,2020-560,Us Open,Hard,166,105807,106283,27.0,198.0,759
760,2020-560,Us Open,Hard,167,105575,105449,65.0,64.0,760
761,2020-560,Us Open,Hard,168,133430,126952,17.0,73.0,761
762,2020-560,Us Open,Hard,169,126203,104468,25.0,52.0,762
763,2020-560,Us Open,Hard,170,105936,106218,26.0,96.0,763
764,2020-560,Us Open,Hard,171,105676,144750,10.0,95.0,764
765,2020-560,Us Open,Hard,172,126774,202195,6.0,168.0,765
766,2020-560,Us Open,Hard,173,106432,106228,32.0,62.0,766
767,2020-560,Us Open,Hard,174,111442,106078,63.0,72.0,767
768,2020-560,Us Open,Hard,175,105062,106426,90.0,19.0,768
769,2020-560,Us Open,Hard,176,111815,105948,76.0,103.0,769
770,2020-560,Us Open,Hard,177,200221,128034,99.0,33.0,770
771,2020-560,Us Open,Hard,178,105173,106058,39.0,389.0,771
772,2020-560,Us Open,Hard,179,100644,206909,7.0,223.0,772
773,2020-560,Us Open,Hard,180,126610,200005,8.0,42.0,773
774,2020-560,Us Open,Hard,181,134770,200325,37.0,92.0,774
775,2020-560,Us Open,Hard,182,106099,124014,100.0,185.0,775
776,2020-560,Us Open,Hard,183,126094,106296,14.0,93.0,776
777,2020-560,Us Open,Hard,184,105916,105777,66.0,20.0,777
778,2020-560,Us Open,Hard,185,126207,105357,82.0,43.0,778
779,2020-560,Us Open,Hard,186,200670,106148,138.0,101.0,779
780,2020-560,Us Open,Hard,187,106421,106331,5.0,116.0,780
781,2020-560,Us Open,Hard,188,105138,200175,11.0,47.0,781
782,2020-560,Us Open,Hard,189,105577,105683,94.0,18.0,782
783,2020-560,Us Open,Hard,190,200282,104755,28.0,51.0,783
785,2020-560,Us Open,Hard,192,200000,104918,21.0,115.0,785
786,2020-560,Us Open,Hard,193,144895,105554,77.0,31.0,786
787,2020-560,Us Open,Hard,194,105227,105613,38.0,104.0,787
788,2020-560,Us Open,Hard,195,106233,111576,3.0,124.0,788
789,2020-560,Us Open,Hard,196,104925,105526,1.0,29.0,789
790,2020-560,Us Open,Hard,197,105807,105575,27.0,65.0,790
791,2020-560,Us Open,Hard,198,133430,126203,17.0,25.0,791
792,2020-560,Us Open,Hard,199,105676,105936,10.0,26.0,792
793,2020-560,Us Open,Hard,200,106432,126774,32.0,6.0,793
794,2020-560,Us Open,Hard,201,111442,105062,63.0,90.0,794
795,2020-560,Us Open,Hard,202,200221,111815,99.0,76.0,795
796,2020-560,Us Open,Hard,203,100644,105173,7.0,39.0,796
797,2020-560,Us Open,Hard,204,126610,134770,8.0,37.0,797
798,2020-560,Us Open,Hard,205,126094,106099,14.0,100.0,798
799,2020-560,Us Open,Hard,206,126207,105916,82.0,66.0,799
800,2020-560,Us Open,Hard,207,106421,200670,5.0,138.0,800
801,2020-560,Us Open,Hard,208,105577,105138,94.0,11.0,801
802,2020-560,Us Open,Hard,209,200282,111575,28.0,16.0,802
803,2020-560,Us Open,Hard,210,200000,144895,21.0,77.0,803
804,2020-560,Us Open,Hard,211,106233,105227,3.0,38.0,804
805,2020-560,Us Open,Hard,212,105807,104925,27.0,1.0,805
806,2020-560,Us Open,Hard,213,133430,105676,17.0,10.0,806
807,2020-560,Us Open,Hard,214,106432,111442,32.0,63.0,807
808,2020-560,Us Open,Hard,215,100644,200221,7.0,99.0,808
809,2020-560,Us Open,Hard,216,126094,126610,14.0,8.0,809
810,2020-560,Us Open,Hard,217,106421,126207,5.0,82.0,810
811,2020-560,Us Open,Hard,218,200282,105577,28.0,94.0,811
812,2020-560,Us Open,Hard,219,106233,200000,3.0,21.0,812
813,2020-560,Us Open,Hard,220,105807,133430,27.0,17.0,813
814,2020-560,Us Open,Hard,221,100644,106432,7.0,32.0,814
815,2020-560,Us Open,Hard,222,106421,126094,5.0,14.0,815
816,2020-560,Us Open,Hard,223,106233,200282,3.0,28.0,816
817,2020-560,Us Open,Hard,224,100644,105807,7.0,27.0,817
818,2020-560,Us Open,Hard,225,106233,106421,3.0,5.0,818
819,2020-560,Us Open,Hard,226,106233,100644,3.0,7.0,819
820,2020-0319,Kitzbuhel,Clay,300,200175,105870,47.0,118.0,820
821,2020-0319,Kitzbuhel,Clay,299,200175,144817,47.0,303.0,821
822,2020-0319,Kitzbuhel,Clay,298,105870,111513,118.0,81.0,822
823,2020-0319,Kitzbuhel,Clay,297,144817,103852,303.0,57.0,823
824,2020-0319,Kitzbuhel,Clay,296,200175,105643,47.0,79.0,824
825,2020-0319,Kitzbuhel,Clay,295,105870,109739,118.0,337.0,825
826,2020-0319,Kitzbuhel,Clay,294,111513,106043,81.0,13.0,826
827,2020-0319,Kitzbuhel,Clay,293,144817,104926,303.0,12.0,827
828,2020-0319,Kitzbuhel,Clay,292,103852,105550,57.0,36.0,828
829,2020-0319,Kitzbuhel,Clay,291,105643,105932,79.0,30.0,829
830,2020-0319,Kitzbuhel,Clay,290,200175,111442,47.0,63.0,830
831,2020-0319,Kitzbuhel,Clay,289,109739,128034,337.0,33.0,831
832,2020-0319,Kitzbuhel,Clay,288,105870,105583,118.0,24.0,832
833,2020-0319,Kitzbuhel,Clay,287,111513,206173,81.0,74.0,833
834,2020-0319,Kitzbuhel,Clay,286,106043,124116,13.0,159.0,834
835,2020-0319,Kitzbuhel,Clay,284,144817,200325,303.0,92.0,835
836,2020-0319,Kitzbuhel,Clay,283,103852,105732,57.0,69.0,836
837,2020-0319,Kitzbuhel,Clay,282,105550,106415,36.0,49.0,837
838,2020-0319,Kitzbuhel,Clay,280,105643,106228,79.0,62.0,838
839,2020-0319,Kitzbuhel,Clay,279,111442,105357,63.0,43.0,839
840,2020-0319,Kitzbuhel,Clay,278,200175,105453,47.0,34.0,840
841,2020-0319,Kitzbuhel,Clay,277,128034,105311,33.0,68.0,841
842,2020-0319,Kitzbuhel,Clay,276,109739,110602,337.0,85.0,842
843,2020-0319,Kitzbuhel,Clay,275,105870,122330,118.0,54.0,843
844,2020-0319,Kitzbuhel,Clay,273,111513,105077,81.0,41.0,844
845,2020-0319,Kitzbuhel,Clay,272,206173,104259,74.0,75.0,845
846,2020-0319,Kitzbuhel,Clay,271,124116,105430,159.0,70.0,846
847,2020-M009,Rome Masters,Clay,300,104925,106043,1.0,15.0,847
848,2020-M009,Rome Masters,Clay,299,104925,134770,1.0,34.0,848
849,2020-M009,Rome Masters,Clay,298,106043,133430,15.0,14.0,849
850,2020-M009,Rome Masters,Clay,297,104925,136440,1.0,97.0,850
851,2020-M009,Rome Masters,Clay,296,134770,126610,34.0,8.0,851
852,2020-M009,Rome Masters,Clay,295,133430,105777,14.0,22.0,852
853,2020-M009,Rome Masters,Clay,294,106043,104745,15.0,2.0,853
854,2020-M009,Rome Masters,Clay,293,104925,105936,1.0,29.0,854
855,2020-M009,Rome Masters,Clay,292,136440,207518,97.0,249.0,855
856,2020-M009,Rome Masters,Clay,291,126610,105882,8.0,84.0,856
857,2020-M009,Rome Masters,Clay,290,134770,105227,34.0,40.0,857
858,2020-M009,Rome Masters,Clay,289,133430,200005,14.0,42.0,858
859,2020-M009,Rome Masters,Clay,288,105777,206173,22.0,81.0,859
860,2020-M009,Rome Masters,Clay,287,106043,128034,15.0,31.0,860
861,2020-M009,Rome Masters,Clay,286,104745,105583,2.0,25.0,861
862,2020-M009,Rome Masters,Clay,285,104925,106099,1.0,87.0,862
863,2020-M009,Rome Masters,Clay,284,105936,106065,29.0,113.0,863
864,2020-M009,Rome Masters,Clay,283,207518,105453,249.0,35.0,864
865,2020-M009,Rome Masters,Clay,282,136440,104792,97.0,9.0,865
866,2020-M009,Rome Masters,Clay,281,126610,105948,8.0,104.0,866
867,2020-M009,Rome Masters,Clay,280,105882,106432,84.0,26.0,867
868,2020-M009,Rome Masters,Clay,279,134770,132283,34.0,47.0,868
869,2020-M009,Rome Masters,Clay,278,105227,105676,40.0,11.0,869
870,2020-M009,Rome Masters,Clay,277,200005,104926,42.0,13.0,870
871,2020-M009,Rome Masters,Clay,276,133430,124079,14.0,109.0,871
872,2020-M009,Rome Masters,Clay,275,105777,106415,22.0,50.0,872
873,2020-M009,Rome Masters,Clay,274,206173,126774,81.0,6.0,873
874,2020-M009,Rome Masters,Clay,273,106043,105357,15.0,43.0,874
875,2020-M009,Rome Masters,Clay,272,128034,126094,31.0,12.0,875
876,2020-M009,Rome Masters,Clay,271,105583,105683,25.0,19.0,876
877,2020-M009,Rome Masters,Clay,270,104745,105807,2.0,18.0,877
878,2020-M009,Rome Masters,Clay,268,106099,105815,87.0,49.0,878
879,2020-M009,Rome Masters,Clay,267,106065,106378,113.0,45.0,879
880,2020-M009,Rome Masters,Clay,266,105936,200000,29.0,20.0,880
881,2020-M009,Rome Masters,Clay,265,207518,104527,249.0,17.0,881
882,2020-M009,Rome Masters,Clay,264,105453,105077,35.0,44.0,882
883,2020-M009,Rome Masters,Clay,263,136440,200282,97.0,27.0,883
884,2020-M009,Rome Masters,Clay,260,105948,105526,104.0,30.0,884
885,2020-M009,Rome Masters,Clay,259,105882,126203,84.0,28.0,885
886,2020-M009,Rome Masters,Clay,258,106432,106426,26.0,21.0,886
887,2020-M009,Rome Masters,Clay,257,134770,111575,34.0,16.0,887
888,2020-M009,Rome Masters,Clay,256,132283,105932,47.0,32.0,888
889,2020-M009,Rome Masters,Clay,255,105227,122330,40.0,56.0,889
890,2020-M009,Rome Masters,Clay,252,200005,104731,42.0,119.0,890
891,2020-M009,Rome Masters,Clay,251,124079,105023,109.0,46.0,891
892,2020-M009,Rome Masters,Clay,250,133430,105550,14.0,37.0,892
893,2020-M009,Rome Masters,Clay,249,105777,126149,22.0,85.0,893
894,2020-M009,Rome Masters,Clay,248,106415,200175,50.0,39.0,894
895,2020-M009,Rome Masters,Clay,247,206173,105332,81.0,24.0,895
896,2020-M009,Rome Masters,Clay,244,105357,105311,43.0,74.0,896
897,2020-M009,Rome Masters,Clay,243,128034,105554,31.0,33.0,897
898,2020-M009,Rome Masters,Clay,242,126094,105487,12.0,135.0,898
899,2020-M009,Rome Masters,Clay,241,105683,105173,19.0,38.0,899
900,2020-M009,Rome Masters,Clay,240,105583,200221,25.0,70.0,900
901,2020-0414,Hamburg,Clay,300,126094,126774,14.0,6.0,901
902,2020-0414,Hamburg,Clay,299,126094,134770,14.0,30.0,902
903,2020-0414,Hamburg,Clay,298,126774,106426,6.0,22.0,903
904,2020-0414,Hamburg,Clay,297,134770,200005,30.0,41.0,904
905,2020-0414,Hamburg,Clay,296,126094,105138,14.0,11.0,905
906,2020-0414,Hamburg,Clay,295,106426,122330,22.0,56.0,906
907,2020-0414,Hamburg,Clay,294,126774,105583,6.0,24.0,907
908,2020-0414,Hamburg,Clay,293,200005,106210,41.0,75.0,908
909,2020-0414,Hamburg,Clay,292,134770,104926,30.0,15.0,909
910,2020-0414,Hamburg,Clay,291,105138,136440,11.0,66.0,910
911,2020-0414,Hamburg,Clay,290,126094,126205,14.0,59.0,911
912,2020-0414,Hamburg,Clay,289,122330,200000,56.0,21.0,912
913,2020-0414,Hamburg,Clay,288,106426,105870,22.0,103.0,913
914,2020-0414,Hamburg,Clay,287,105583,111575,24.0,16.0,914
915,2020-0414,Hamburg,Clay,286,126774,104655,6.0,64.0,915
916,2020-0414,Hamburg,Clay,285,200005,106421,41.0,5.0,916
917,2020-0414,Hamburg,Clay,284,106210,104468,75.0,52.0,917
918,2020-0414,Hamburg,Clay,283,134770,105332,30.0,25.0,918
919,2020-0414,Hamburg,Clay,282,104926,104259,15.0,85.0,919
920,2020-0414,Hamburg,Clay,281,105138,105932,11.0,33.0,920
921,2020-0414,Hamburg,Clay,280,136440,106415,66.0,50.0,921
922,2020-0414,Hamburg,Clay,279,126205,104731,59.0,118.0,922
923,2020-0414,Hamburg,Clay,278,126094,105815,14.0,48.0,923
924,2020-0414,Hamburg,Clay,277,122330,105077,56.0,44.0,924
925,2020-0414,Hamburg,Clay,276,200000,132283,21.0,46.0,925
926,2020-0414,Hamburg,Clay,275,106426,105453,22.0,35.0,926
927,2020-0414,Hamburg,Clay,274,105870,104792,103.0,9.0,927
928,2020-0414,Hamburg,Clay,273,111575,105526,16.0,32.0,928
929,2020-0414,Hamburg,Clay,272,105583,105173,24.0,38.0,929
930,2020-0414,Hamburg,Clay,271,104655,126203,64.0,29.0,930
931,2020-0414,Hamburg,Clay,270,126774,105554,6.0,34.0,931
932,2020-520,Roland Garros,Clay,100,104925,144707,1.0,80.0,932
933,2020-520,Roland Garros,Clay,101,105575,106198,66.0,104.0,933
934,2020-520,Roland Garros,Clay,102,123755,111815,153.0,72.0,934
935,2020-520,Roland Garros,Clay,103,105815,128034,47.0,31.0,935
936,2020-520,Roland Garros,Clay,104,106426,104259,19.0,86.0,936
937,2020-520,Roland Garros,Clay,105,117360,200005,122.0,38.0,937
938,2020-520,Roland Garros,Clay,106,106210,106281,68.0,207.0,938
939,2020-520,Roland Garros,Clay,107,111575,111794,16.0,100.0,939
940,2020-520,Roland Garros,Clay,108,105138,104755,10.0,50.0,940
941,2020-520,Roland Garros,Clay,109,105226,106034,87.0,95.0,941
942,2020-520,Roland Garros,Clay,110,105550,106099,37.0,85.0,942
943,2020-520,Roland Garros,Clay,111,105807,105357,18.0,43.0,943
944,2020-520,Roland Garros,Clay,112,105526,126207,32.0,67.0,944
945,2020-520,Roland Garros,Clay,113,127157,103852,186.0,57.0,945
946,2020-520,Roland Garros,Clay,114,144750,200615,90.0,108.0,946
947,2020-520,Roland Garros,Clay,115,126610,105577,8.0,76.0,947
948,2020-520,Roland Garros,Clay,116,105916,106421,63.0,5.0,948
949,2020-520,Roland Garros,Clay,117,105077,105173,44.0,39.0,949
950,2020-520,Roland Garros,Clay,118,106218,111460,96.0,202.0,950
951,2020-520,Roland Garros,Clay,119,106329,105932,84.0,33.0,951
952,2020-520,Roland Garros,Clay,120,105583,126149,24.0,89.0,952
953,2020-520,Roland Garros,Clay,121,104731,111513,118.0,73.0,953
954,2020-520,Roland Garros,Clay,122,200221,208004,70.0,412.0,954
955,2020-520,Roland Garros,Clay,123,126094,105023,12.0,48.0,955
956,2020-520,Roland Garros,Clay,124,133430,104468,11.0,54.0,956
957,2020-520,Roland Garros,Clay,125,106148,105449,101.0,64.0,957
958,2020-520,Roland Garros,Clay,126,105413,105311,102.0,77.0,958
959,2020-520,Roland Garros,Clay,127,105777,106296,20.0,103.0,959
960,2020-520,Roland Garros,Clay,128,110748,105936,144.0,29.0,960
961,2020-520,Roland Garros,Clay,129,105379,126239,56.0,162.0,961
962,2020-520,Roland Garros,Clay,130,104655,105967,60.0,135.0,962
963,2020-520,Roland Garros,Clay,131,126774,144719,6.0,109.0,963
964,2020-520,Roland Garros,Clay,132,122330,104792,49.0,9.0,964
965,2020-520,Roland Garros,Clay,133,132283,105877,46.0,156.0,965
966,2020-520,Roland Garros,Clay,134,105430,111442,79.0,55.0,966
967,2020-520,Roland Garros,Clay,135,126203,207830,30.0,253.0,967
968,2020-520,Roland Garros,Clay,136,105613,106432,106.0,27.0,968
969,2020-520,Roland Garros,Clay,137,200514,104871,170.0,65.0,969
970,2020-520,Roland Garros,Clay,138,105841,144895,157.0,71.0,970
971,2020-520,Roland Garros,Clay,139,106043,200175,14.0,41.0,971
972,2020-520,Roland Garros,Clay,140,104527,104918,17.0,111.0,972
973,2020-520,Roland Garros,Clay,141,136440,126156,61.0,126.0,973
974,2020-520,Roland Garros,Clay,142,200384,126125,239.0,204.0,974
975,2020-520,Roland Garros,Clay,143,106415,200000,52.0,22.0,975
976,2020-520,Roland Garros,Clay,144,134770,105216,25.0,94.0,976
977,2020-520,Roland Garros,Clay,145,126205,105902,58.0,91.0,977
978,2020-520,Roland Garros,Clay,146,106058,124187,310.0,36.0,978
979,2020-520,Roland Garros,Clay,147,106233,105227,3.0,40.0,979
980,2020-520,Roland Garros,Clay,148,100644,110602,7.0,92.0,980
981,2020-520,Roland Garros,Clay,149,105732,111581,78.0,178.0,981
982,2020-520,Roland Garros,Clay,150,106228,105643,69.0,81.0,982
983,2020-520,Roland Garros,Clay,151,106065,200282,110.0,28.0,983
984,2020-520,Roland Garros,Clay,152,105332,126952,26.0,82.0,984
985,2020-520,Roland Garros,Clay,153,105948,105359,99.0,125.0,985
986,2020-520,Roland Garros,Clay,154,126127,200325,227.0,93.0,986
987,2020-520,Roland Garros,Clay,155,206173,105676,75.0,13.0,987
988,2020-520,Roland Garros,Clay,156,105062,104926,88.0,15.0,988
989,2020-520,Roland Garros,Clay,157,124079,126846,105.0,193.0,989
990,2020-520,Roland Garros,Clay,158,200624,104312,213.0,98.0,990
991,2020-520,Roland Garros,Clay,159,104545,200611,23.0,217.0,991
992,2020-520,Roland Garros,Clay,160,105453,105554,35.0,34.0,992
993,2020-520,Roland Garros,Clay,161,105882,104665,74.0,51.0,993
994,2020-520,Roland Garros,Clay,162,111456,105731,236.0,181.0,994
995,2020-520,Roland Garros,Clay,163,104745,106078,2.0,83.0,995
996,2020-520,Roland Garros,Clay,164,104925,105575,1.0,66.0,996
997,2020-520,Roland Garros,Clay,165,123755,105815,153.0,47.0,997
998,2020-520,Roland Garros,Clay,166,106426,117360,19.0,122.0,998
999,2020-520,Roland Garros,Clay,167,111575,106210,16.0,68.0,999
1000,2020-520,Roland Garros,Clay,168,105138,105226,10.0,87.0,1000
1001,2020-520,Roland Garros,Clay,169,105807,105550,18.0,37.0,1001
1002,2020-520,Roland Garros,Clay,170,127157,105526,186.0,32.0,1002
1003,2020-520,Roland Garros,Clay,171,126610,144750,8.0,90.0,1003
1004,2020-520,Roland Garros,Clay,172,105916,105077,63.0,44.0,1004
1005,2020-520,Roland Garros,Clay,173,106329,106218,84.0,96.0,1005
1006,2020-520,Roland Garros,Clay,174,104731,105583,118.0,24.0,1006
1007,2020-520,Roland Garros,Clay,175,126094,200221,12.0,70.0,1007
1008,2020-520,Roland Garros,Clay,176,106148,133430,101.0,11.0,1008
1009,2020-520,Roland Garros,Clay,177,105777,105413,20.0,102.0,1009
1010,2020-520,Roland Garros,Clay,178,105379,110748,56.0,144.0,1010
1011,2020-520,Roland Garros,Clay,179,126774,104655,6.0,60.0,1011
1012,2020-520,Roland Garros,Clay,180,132283,122330,46.0,49.0,1012
1013,2020-520,Roland Garros,Clay,181,126203,105430,30.0,79.0,1013
1014,2020-520,Roland Garros,Clay,182,105613,200514,106.0,170.0,1014
1015,2020-520,Roland Garros,Clay,183,106043,105841,14.0,157.0,1015
1016,2020-520,Roland Garros,Clay,184,104527,136440,17.0,61.0,1016
1017,2020-520,Roland Garros,Clay,185,200384,106415,239.0,52.0,1017
1018,2020-520,Roland Garros,Clay,186,134770,126205,25.0,58.0,1018
1019,2020-520,Roland Garros,Clay,187,106233,106058,3.0,310.0,1019
1020,2020-520,Roland Garros,Clay,188,100644,105732,7.0,78.0,1020
1021,2020-520,Roland Garros,Clay,189,106065,106228,110.0,69.0,1021
1022,2020-520,Roland Garros,Clay,190,105948,105332,99.0,26.0,1022
1023,2020-520,Roland Garros,Clay,191,206173,126127,75.0,227.0,1023
1024,2020-520,Roland Garros,Clay,192,124079,105062,105.0,88.0,1024
1025,2020-520,Roland Garros,Clay,193,200624,104545,213.0,23.0,1025
1026,2020-520,Roland Garros,Clay,194,105882,105453,74.0,35.0,1026
1027,2020-520,Roland Garros,Clay,195,104745,111456,2.0,236.0,1027
1028,2020-520,Roland Garros,Clay,196,104925,123755,1.0,153.0,1028
1029,2020-520,Roland Garros,Clay,197,111575,106426,16.0,19.0,1029
1030,2020-520,Roland Garros,Clay,198,105807,105138,18.0,10.0,1030
1031,2020-520,Roland Garros,Clay,199,127157,126610,186.0,8.0,1031
1032,2020-520,Roland Garros,Clay,200,105916,106329,63.0,84.0,1032
1033,2020-520,Roland Garros,Clay,201,126094,104731,12.0,118.0,1033
1034,2020-520,Roland Garros,Clay,202,105777,106148,20.0,101.0,1034
1035,2020-520,Roland Garros,Clay,203,126774,105379,6.0,56.0,1035
1036,2020-520,Roland Garros,Clay,204,132283,126203,46.0,30.0,1036
1037,2020-520,Roland Garros,Clay,205,106043,105613,14.0,106.0,1037
1038,2020-520,Roland Garros,Clay,206,200384,104527,239.0,17.0,1038
1039,2020-520,Roland Garros,Clay,207,106233,134770,3.0,25.0,1039
1040,2020-520,Roland Garros,Clay,208,100644,106065,7.0,110.0,1040
1041,2020-520,Roland Garros,Clay,209,206173,105948,75.0,99.0,1041
1042,2020-520,Roland Garros,Clay,210,200624,124079,213.0,105.0,1042
1043,2020-520,Roland Garros,Clay,211,104745,105882,2.0,74.0,1043
1044,2020-520,Roland Garros,Clay,212,104925,111575,1.0,16.0,1044
1045,2020-520,Roland Garros,Clay,213,105807,127157,18.0,186.0,1045
1046,2020-520,Roland Garros,Clay,214,126094,105916,12.0,63.0,1046
1047,2020-520,Roland Garros,Clay,215,126774,105777,6.0,20.0,1047
1048,2020-520,Roland Garros,Clay,216,106043,132283,14.0,46.0,1048
1049,2020-520,Roland Garros,Clay,217,106233,200384,3.0,239.0,1049
1050,2020-520,Roland Garros,Clay,218,206173,100644,75.0,7.0,1050
1051,2020-520,Roland Garros,Clay,219,104745,200624,2.0,213.0,1051
1052,2020-520,Roland Garros,Clay,220,104925,105807,1.0,18.0,1052
1053,2020-520,Roland Garros,Clay,221,126774,126094,6.0,12.0,1053
1054,2020-520,Roland Garros,Clay,222,106043,106233,14.0,3.0,1054
1055,2020-520,Roland Garros,Clay,223,104745,206173,2.0,75.0,1055
1056,2020-520,Roland Garros,Clay,224,104925,126774,1.0,6.0,1056
1057,2020-520,Roland Garros,Clay,225,104745,106043,2.0,14.0,1057
1058,2020-520,Roland Garros,Clay,226,104745,104925,2.0,1.0,1058
1059,2020-9404,Cologne 1,Hard,300,100644,200000,7.0,22.0,1059
1060,2020-9404,Cologne 1,Hard,299,100644,200221,7.0,71.0,1060
1061,2020-9404,Cologne 1,Hard,298,200000,105138,22.0,13.0,1061
1062,2020-9404,Cologne 1,Hard,297,100644,144750,7.0,92.0,1062
1063,2020-9404,Cologne 1,Hard,296,200221,110602,71.0,94.0,1063
1064,2020-9404,Cologne 1,Hard,295,200000,105430,22.0,82.0,1064
1065,2020-9404,Cologne 1,Hard,294,105138,128034,13.0,31.0,1065
1066,2020-9404,Cologne 1,Hard,293,100644,104269,7.0,61.0,1066
1067,2020-9404,Cologne 1,Hard,292,144750,105449,92.0,68.0,1067
1068,2020-9404,Cologne 1,Hard,291,110602,105332,94.0,26.0,1068
1069,2020-9404,Cologne 1,Hard,290,200221,105227,71.0,40.0,1069
1070,2020-9404,Cologne 1,Hard,289,105430,106214,82.0,142.0,1070
1071,2020-9404,Cologne 1,Hard,288,200000,105967,22.0,139.0,1071
1072,2020-9404,Cologne 1,Hard,287,128034,104999,31.0,268.0,1072
1073,2020-9404,Cologne 1,Hard,286,105138,104468,13.0,57.0,1073
1074,2020-9404,Cologne 1,Hard,284,104269,104918,61.0,115.0,1074
1075,2020-9404,Cologne 1,Hard,283,144750,106378,92.0,47.0,1075
1076,2020-9404,Cologne 1,Hard,282,105449,105936,68.0,30.0,1076
1077,2020-9404,Cologne 1,Hard,280,110602,111442,94.0,59.0,1077
1078,2020-9404,Cologne 1,Hard,279,200221,200325,71.0,98.0,1078
1079,2020-9404,Cologne 1,Hard,278,105227,106218,40.0,90.0,1079
1080,2020-9404,Cologne 1,Hard,277,106214,105526,142.0,32.0,1080
1081,2020-9404,Cologne 1,Hard,276,105430,105732,82.0,81.0,1081
1082,2020-9404,Cologne 1,Hard,275,105967,127157,139.0,122.0,1082
1083,2020-9404,Cologne 1,Hard,273,128034,117360,31.0,116.0,1083
1084,2020-9404,Cologne 1,Hard,272,104999,105357,268.0,44.0,1084
1085,2020-9404,Cologne 1,Hard,271,104468,105916,57.0,50.0,1085
1086,2020-9408,Sardinia,Clay,300,111513,106065,74.0,103.0,1086
1087,2020-9408,Sardinia,Clay,299,106065,105905,103.0,166.0,1087
1088,2020-9408,Sardinia,Clay,298,111513,207518,74.0,143.0,1088
1089,2020-9408,Sardinia,Clay,297,105905,105643,166.0,78.0,1089
1090,2020-9408,Sardinia,Clay,296,106065,105077,103.0,45.0,1090
1091,2020-9408,Sardinia,Clay,295,207518,105870,143.0,101.0,1091
1092,2020-9408,Sardinia,Clay,294,111513,106210,74.0,67.0,1092
1093,2020-9408,Sardinia,Clay,293,105905,106148,166.0,96.0,1093
1094,2020-9408,Sardinia,Clay,292,105643,104665,78.0,54.0,1094
1095,2020-9408,Sardinia,Clay,291,105077,144895,45.0,73.0,1095
1096,2020-9408,Sardinia,Clay,290,106065,126205,103.0,58.0,1096
1097,2020-9408,Sardinia,Clay,289,207518,126504,143.0,292.0,1097
1098,2020-9408,Sardinia,Clay,288,105870,134770,101.0,25.0,1098
1099,2020-9408,Sardinia,Clay,287,106210,132283,67.0,42.0,1099
1100,2020-9408,Sardinia,Clay,286,111513,105583,74.0,24.0,1100
1101,2020-9408,Sardinia,Clay,284,106148,105948,96.0,86.0,1101
1102,2020-9408,Sardinia,Clay,283,105643,104312,78.0,102.0,1102
1103,2020-9408,Sardinia,Clay,282,104665,106075,54.0,125.0,1103
1104,2020-9408,Sardinia,Clay,280,144895,126207,73.0,64.0,1104
1105,2020-9408,Sardinia,Clay,279,106065,126149,103.0,91.0,1105
1106,2020-9408,Sardinia,Clay,278,126205,105413,58.0,100.0,1106
1107,2020-9408,Sardinia,Clay,277,207518,104655,143.0,63.0,1107
1108,2020-9408,Sardinia,Clay,276,126504,105882,292.0,70.0,1108
1109,2020-9408,Sardinia,Clay,275,105870,106099,101.0,77.0,1109
1110,2020-9408,Sardinia,Clay,273,132283,206748,42.0,317.0,1110
1111,2020-9408,Sardinia,Clay,272,106210,111794,67.0,105.0,1111
1112,2020-9408,Sardinia,Clay,271,111513,111576,74.0,129.0,1112
1113,2020-0568,St Petersburg,Hard,300,126094,106432,10.0,27.0,1113
1114,2020-0568,St Petersburg,Hard,299,106432,105683,27.0,21.0,1114
1115,2020-0568,St Petersburg,Hard,298,126094,133430,10.0,12.0,1115
1116,2020-0568,St Petersburg,Hard,297,106432,124187,27.0,36.0,1116
1117,2020-0568,St Petersburg,Hard,296,105683,111575,21.0,17.0,1117
1118,2020-0568,St Petersburg,Hard,295,126094,111815,10.0,75.0,1118
1119,2020-0568,St Petersburg,Hard,294,133430,104527,12.0,18.0,1119
1120,2020-0568,St Petersburg,Hard,293,124187,106421,36.0,6.0,1120
1121,2020-0568,St Petersburg,Hard,292,106432,126128,27.0,199.0,1121
1122,2020-0568,St Petersburg,Hard,291,111575,106234,17.0,117.0,1122
1123,2020-0568,St Petersburg,Hard,290,105683,122330,21.0,52.0,1123
1124,2020-0568,St Petersburg,Hard,289,111815,200175,75.0,41.0,1124
1125,2020-0568,St Petersburg,Hard,288,126094,200005,10.0,38.0,1125
1126,2020-0568,St Petersburg,Hard,287,104527,105539,18.0,121.0,1126
1127,2020-0568,St Petersburg,Hard,286,133430,125802,12.0,141.0,1127
1128,2020-0568,St Petersburg,Hard,285,106421,104755,6.0,53.0,1128
1129,2020-0568,St Petersburg,Hard,284,124187,126120,36.0,308.0,1129
1130,2020-0568,St Petersburg,Hard,283,126128,105877,199.0,151.0,1130
1131,2020-0568,St Petersburg,Hard,282,106432,103852,27.0,60.0,1131
1132,2020-0568,St Petersburg,Hard,281,111575,105902,17.0,93.0,1132
1133,2020-0568,St Petersburg,Hard,280,106234,105815,117.0,48.0,1133
1134,2020-0568,St Petersburg,Hard,279,122330,111456,52.0,221.0,1134
1135,2020-0568,St Petersburg,Hard,278,105683,200670,21.0,123.0,1135
1136,2020-0568,St Petersburg,Hard,277,111815,126203,75.0,28.0,1136
1137,2020-0568,St Petersburg,Hard,276,200175,105062,41.0,88.0,1137
1138,2020-0568,St Petersburg,Hard,275,200005,200303,38.0,286.0,1138
1139,2020-0568,St Petersburg,Hard,274,126094,105577,10.0,79.0,1139
1140,2020-0568,St Petersburg,Hard,273,104527,105554,18.0,34.0,1140
1141,2020-0568,St Petersburg,Hard,272,105539,106078,121.0,85.0,1141
1142,2020-0568,St Petersburg,Hard,271,125802,105173,141.0,39.0,1142
1143,2020-0568,St Petersburg,Hard,270,133430,104678,12.0,197.0,1143
1144,2020-7485,Antwerp,Hard,299,103852,126205,62.0,59.0,1144
1145,2020-7485,Antwerp,Hard,295,106218,208134,94.0,917.0,1145
1146,2020-7485,Antwerp,Hard,294,104755,200282,54.0,29.0,1146
1147,2020-7485,Antwerp,Hard,293,105453,104665,36.0,55.0,1147
1148,2020-7485,Antwerp,Hard,292,200325,111815,100.0,70.0,1148
1149,2020-7485,Antwerp,Hard,291,105379,105683,52.0,19.0,1149
1150,2020-7485,Antwerp,Hard,290,105583,126207,25.0,63.0,1150
1151,2020-7485,Antwerp,Hard,289,106099,105554,79.0,35.0,1151
1152,2020-7485,Antwerp,Hard,288,200267,105077,528.0,45.0,1152
1153,2020-7485,Antwerp,Hard,287,126203,124187,28.0,33.0,1153
1154,2020-7485,Antwerp,Hard,286,144895,144750,74.0,90.0,1154
1155,2020-7485,Antwerp,Hard,285,106293,200005,172.0,38.0,1155
1156,2020-9406,Cologne 2,Hard,300,100644,106043,7.0,9.0,1156
1157,2020-9406,Cologne 2,Hard,299,100644,206173,7.0,46.0,1157
1158,2020-9406,Cologne 2,Hard,298,106043,200000,9.0,22.0,1158
1159,2020-9406,Cologne 2,Hard,297,100644,105173,7.0,41.0,1159
1160,2020-9406,Cologne 2,Hard,296,206173,104468,46.0,58.0,1160
1161,2020-9406,Cologne 2,Hard,295,200000,106415,22.0,56.0,1161
1162,2020-9406,Cologne 2,Hard,294,106043,200221,9.0,64.0,1162
1163,2020-9406,Cologne 2,Hard,293,100644,105357,7.0,44.0,1163
1164,2020-9406,Cologne 2,Hard,292,105173,200175,41.0,39.0,1164
1165,2020-9406,Cologne 2,Hard,291,104468,133430,58.0,12.0,1165
1166,2020-9406,Cologne 2,Hard,290,206173,105732,46.0,82.0,1166
1167,2020-9406,Cologne 2,Hard,289,106415,105526,56.0,32.0,1167
1168,2020-9406,Cologne 2,Hard,288,200000,106078,22.0,87.0,1168
1169,2020-9406,Cologne 2,Hard,287,200221,105449,64.0,71.0,1169
1170,2020-9406,Cologne 2,Hard,286,106043,106214,9.0,141.0,1170
1171,2020-9406,Cologne 2,Hard,284,105357,104269,44.0,61.0,1171
1172,2020-9406,Cologne 2,Hard,283,200175,111576,39.0,130.0,1172
1173,2020-9406,Cologne 2,Hard,282,105173,200615,41.0,109.0,1173
1174,2020-9406,Cologne 2,Hard,280,104468,111442,58.0,60.0,1174
1175,2020-9406,Cologne 2,Hard,279,105732,105815,82.0,48.0,1175
1176,2020-9406,Cologne 2,Hard,278,206173,105902,46.0,97.0,1176
1177,2020-9406,Cologne 2,Hard,277,105526,106065,32.0,77.0,1177
1178,2020-9406,Cologne 2,Hard,276,106415,106378,56.0,47.0,1178
1179,2020-9406,Cologne 2,Hard,275,106078,127157,87.0,124.0,1179
1180,2020-9406,Cologne 2,Hard,273,105449,105227,71.0,40.0,1180
1181,2020-9406,Cologne 2,Hard,272,200221,106000,64.0,114.0,1181
1182,2020-9406,Cologne 2,Hard,271,106214,110602,141.0,91.0,1182
1183,2020-9410,Nur-Sultan,Hard,300,105357,105173,45.0,39.0,1183
1184,2020-9410,Nur-Sultan,Hard,299,105173,200325,39.0,98.0,1184
1185,2020-9410,Nur-Sultan,Hard,298,105357,126207,45.0,64.0,1185
1186,2020-9410,Nur-Sultan,Hard,297,200325,105062,98.0,91.0,1186
1187,2020-9410,Nur-Sultan,Hard,296,105173,111456,39.0,209.0,1187
1188,2020-9410,Nur-Sultan,Hard,295,105357,126205,45.0,59.0,1188
1189,2020-9410,Nur-Sultan,Hard,294,126207,106078,64.0,83.0,1189
1190,2020-9410,Nur-Sultan,Hard,293,105062,105332,91.0,28.0,1190
1191,2020-9410,Nur-Sultan,Hard,292,200325,111442,98.0,60.0,1191
1192,2020-9410,Nur-Sultan,Hard,291,105173,105216,39.0,101.0,1192
1193,2020-9410,Nur-Sultan,Hard,290,111456,104312,209.0,103.0,1193
1194,2020-9410,Nur-Sultan,Hard,289,126205,105430,59.0,85.0,1194
1195,2020-9410,Nur-Sultan,Hard,288,105357,104269,45.0,61.0,1195
1196,2020-9410,Nur-Sultan,Hard,287,106078,106210,83.0,66.0,1196
1197,2020-9410,Nur-Sultan,Hard,286,126207,200175,64.0,40.0,1197
1198,2020-9410,Nur-Sultan,Hard,284,105062,105643,91.0,76.0,1198
1199,2020-9410,Nur-Sultan,Hard,283,200325,207608,98.0,438.0,1199
1200,2020-9410,Nur-Sultan,Hard,282,111442,111815,60.0,70.0,1200
1201,2020-9410,Nur-Sultan,Hard,280,105216,106000,101.0,115.0,1201
1202,2020-9410,Nur-Sultan,Hard,279,104312,106234,103.0,113.0,1202
1203,2020-9410,Nur-Sultan,Hard,278,111456,122330,209.0,49.0,1203
1204,2020-9410,Nur-Sultan,Hard,277,126205,105882,59.0,73.0,1204
1205,2020-9410,Nur-Sultan,Hard,276,105430,122078,85.0,172.0,1205
1206,2020-9410,Nur-Sultan,Hard,275,104269,105902,61.0,97.0,1206
1207,2020-9410,Nur-Sultan,Hard,273,106210,105815,66.0,48.0,1207
1208,2020-9410,Nur-Sultan,Hard,272,106078,144750,83.0,80.0,1208
1209,2020-9410,Nur-Sultan,Hard,271,126207,144895,64.0,74.0,1209
1210,2020-0337,Vienna,Hard,300,126094,132283,8.0,42.0,1210
1211,2020-0337,Vienna,Hard,299,132283,105554,42.0,33.0,1211
1212,2020-0337,Vienna,Hard,298,126094,104731,8.0,111.0,1212
1213,2020-0337,Vienna,Hard,297,132283,104925,42.0,1.0,1213
1214,2020-0337,Vienna,Hard,296,105554,105777,33.0,20.0,1214
1215,2020-0337,Vienna,Hard,295,104731,106421,111.0,6.0,1215
1216,2020-0337,Vienna,Hard,294,126094,106233,8.0,3.0,1216
1217,2020-0337,Vienna,Hard,293,104925,106432,1.0,24.0,1217
1218,2020-0337,Vienna,Hard,292,132283,128034,42.0,31.0,1218
1219,2020-0337,Vienna,Hard,291,105777,126774,20.0,5.0,1219
1220,2020-0337,Vienna,Hard,290,105554,200514,33.0,153.0,1220
1221,2020-0337,Vienna,Hard,289,104731,105807,111.0,15.0,1221
1222,2020-0337,Vienna,Hard,288,106421,105577,6.0,81.0,1222
1223,2020-0337,Vienna,Hard,287,126094,206173,8.0,43.0,1223
1224,2020-0337,Vienna,Hard,286,106233,106426,3.0,22.0,1224
1225,2020-0337,Vienna,Hard,285,104925,105936,1.0,30.0,1225
1226,2020-0337,Vienna,Hard,284,106432,126203,24.0,29.0,1226
1227,2020-0337,Vienna,Hard,283,128034,105226,31.0,88.0,1227
1228,2020-0337,Vienna,Hard,282,132283,105583,42.0,26.0,1228
1229,2020-0337,Vienna,Hard,281,126774,105526,5.0,34.0,1229
1230,2020-0337,Vienna,Hard,280,105777,111575,20.0,18.0,1230
1231,2020-0337,Vienna,Hard,279,105554,105379,33.0,53.0,1231
1232,2020-0337,Vienna,Hard,278,200514,133430,153.0,12.0,1232
1233,2020-0337,Vienna,Hard,277,105807,104792,15.0,11.0,1233
1234,2020-0337,Vienna,Hard,276,104731,110602,111.0,92.0,1234
1235,2020-0337,Vienna,Hard,275,105577,200000,81.0,21.0,1235
1236,2020-0337,Vienna,Hard,274,106421,105359,6.0,127.0,1236
1237,2020-0337,Vienna,Hard,273,126094,105613,8.0,104.0,1237
1238,2020-0337,Vienna,Hard,272,206173,134770,43.0,27.0,1238
1239,2020-0337,Vienna,Hard,271,106426,104527,22.0,19.0,1239
1240,2020-0337,Vienna,Hard,270,106233,126964,3.0,529.0,1240
1241,2020-0352,Paris Masters,Hard,300,106421,100644,5.0,7.0,1241
1242,2020-0352,Paris Masters,Hard,299,100644,104745,7.0,2.0,1242
1243,2020-0352,Paris Masters,Hard,298,106421,105683,5.0,17.0,1243
1244,2020-0352,Paris Masters,Hard,297,104745,105807,2.0,15.0,1244
1245,2020-0352,Paris Masters,Hard,296,100644,104527,7.0,20.0,1245
1246,2020-0352,Paris Masters,Hard,295,106421,106043,5.0,9.0,1246
1247,2020-0352,Paris Masters,Hard,294,105683,200005,17.0,34.0,1247
1248,2020-0352,Paris Masters,Hard,293,104745,111442,2.0,61.0,1248
1249,2020-0352,Paris Masters,Hard,292,105807,105613,15.0,105.0,1249
1250,2020-0352,Paris Masters,Hard,291,100644,105173,7.0,36.0,1250
1251,2020-0352,Paris Masters,Hard,290,104527,126094,20.0,8.0,1251
1252,2020-0352,Paris Masters,Hard,289,106043,200221,9.0,63.0,1252
1253,2020-0352,Paris Masters,Hard,288,106421,200282,5.0,25.0,1253
1254,2020-0352,Paris Masters,Hard,287,105683,106218,17.0,91.0,1254
1255,2020-0352,Paris Masters,Hard,286,200005,105227,34.0,43.0,1255
1256,2020-0352,Paris Masters,Hard,285,104745,103852,2.0,64.0,1256
1257,2020-0352,Paris Masters,Hard,284,111442,106432,61.0,24.0,1257
1258,2020-0352,Paris Masters,Hard,283,105807,105526,15.0,35.0,1258
1259,2020-0352,Paris Masters,Hard,282,105613,105676,105.0,14.0,1259
1260,2020-0352,Paris Masters,Hard,281,100644,200175,7.0,42.0,1260
1261,2020-0352,Paris Masters,Hard,280,105173,106415,36.0,51.0,1261
1262,2020-0352,Paris Masters,Hard,279,104527,126205,20.0,55.0,1262
1263,2020-0352,Paris Masters,Hard,278,126094,105430,8.0,90.0,1263
1264,2020-0352,Paris Masters,Hard,277,106043,104755,9.0,56.0,1264
1265,2020-0352,Paris Masters,Hard,276,200221,126127,63.0,180.0,1265
1266,2020-0352,Paris Masters,Hard,275,200282,132283,25.0,32.0,1266
1267,2020-0352,Paris Masters,Hard,274,106421,104731,5.0,86.0,1267
1268,2020-0352,Paris Masters,Hard,273,106218,126610,91.0,10.0,1268
1269,2020-0352,Paris Masters,Hard,272,105683,105732,17.0,85.0,1269
1270,2020-0352,Paris Masters,Hard,271,105227,144895,43.0,75.0,1270
1271,2020-0352,Paris Masters,Hard,270,200005,126774,34.0,6.0,1271
1272,2020-0352,Paris Masters,Hard,268,103852,105936,64.0,30.0,1272
1273,2020-0352,Paris Masters,Hard,267,111442,105643,61.0,78.0,1273
1274,2020-0352,Paris Masters,Hard,266,106432,105916,24.0,52.0,1274
1275,2020-0352,Paris Masters,Hard,265,105807,200384,15.0,161.0,1275
1276,2020-0352,Paris Masters,Hard,264,105526,105932,35.0,39.0,1276
1277,2020-0352,Paris Masters,Hard,263,105613,106065,105.0,79.0,1277
1278,2020-0352,Paris Masters,Hard,260,200175,105357,42.0,38.0,1278
1279,2020-0352,Paris Masters,Hard,259,106415,104665,51.0,57.0,1279
1280,2020-0352,Paris Masters,Hard,258,105173,105583,36.0,26.0,1280
1281,2020-0352,Paris Masters,Hard,257,104527,105554,20.0,31.0,1281
1282,2020-0352,Paris Masters,Hard,256,126205,104468,55.0,59.0,1282
1283,2020-0352,Paris Masters,Hard,255,105430,128034,90.0,33.0,1283
1284,2020-0352,Paris Masters,Hard,252,104755,126203,56.0,29.0,1284
1285,2020-0352,Paris Masters,Hard,251,126127,105948,180.0,93.0,1285
1286,2020-0352,Paris Masters,Hard,250,200221,111575,63.0,19.0,1286
1287,2020-0352,Paris Masters,Hard,249,200282,105882,25.0,74.0,1287
1288,2020-0352,Paris Masters,Hard,248,132283,122330,32.0,49.0,1288
1289,2020-0352,Paris Masters,Hard,247,104731,111513,86.0,54.0,1289
1290,2020-0352,Paris Masters,Hard,244,106218,105077,91.0,46.0,1290
1291,2020-0352,Paris Masters,Hard,243,105732,105815,85.0,48.0,1291
1292,2020-0352,Paris Masters,Hard,242,105683,105379,17.0,53.0,1292
1293,2020-0352,Paris Masters,Hard,241,105227,200000,43.0,21.0,1293
1294,2020-0352,Paris Masters,Hard,240,144895,106099,75.0,81.0,1294
1295,2020-0352,Paris Masters,Hard,239,200005,134770,34.0,27.0,1295
1296,2020-7434,Sofia,Hard,300,206173,105577,44.0,74.0,1296
1297,2020-7434,Sofia,Hard,299,206173,105173,44.0,35.0,1297
1298,2020-7434,Sofia,Hard,298,105577,104755,74.0,49.0,1298
1299,2020-7434,Sofia,Hard,297,105173,105430,35.0,93.0,1299
1300,2020-7434,Sofia,Hard,296,206173,200282,44.0,25.0,1300
1301,2020-7434,Sofia,Hard,295,105577,105357,74.0,38.0,1301
1302,2020-7434,Sofia,Hard,294,104755,106099,49.0,82.0,1302
1303,2020-7434,Sofia,Hard,293,105430,133430,93.0,12.0,1303
1304,2020-7434,Sofia,Hard,292,105173,106078,35.0,81.0,1304
1305,2020-7434,Sofia,Hard,291,200282,106234,25.0,114.0,1305
1306,2020-7434,Sofia,Hard,290,206173,144817,44.0,149.0,1306
1307,2020-7434,Sofia,Hard,289,105357,104468,38.0,62.0,1307
1308,2020-7434,Sofia,Hard,288,105577,105526,74.0,36.0,1308
1309,2020-7434,Sofia,Hard,287,104755,207797,49.0,399.0,1309
1310,2020-7434,Sofia,Hard,286,106099,200000,82.0,21.0,1310
1311,2020-7434,Sofia,Hard,284,105430,105216,93.0,100.0,1311
1312,2020-7434,Sofia,Hard,283,106078,104678,81.0,196.0,1312
1313,2020-7434,Sofia,Hard,282,105173,105373,35.0,150.0,1313
1314,2020-7434,Sofia,Hard,280,106234,106121,114.0,115.0,1314
1315,2020-7434,Sofia,Hard,279,206173,105916,44.0,55.0,1315
1316,2020-7434,Sofia,Hard,278,144817,105932,149.0,39.0,1316
1317,2020-7434,Sofia,Hard,277,105357,202090,38.0,666.0,1317
1318,2020-7434,Sofia,Hard,276,104468,105413,62.0,105.0,1318
1319,2020-7434,Sofia,Hard,275,105577,105011,74.0,216.0,1319
1320,2020-7434,Sofia,Hard,273,207797,105227,399.0,41.0,1320
1321,2020-7434,Sofia,Hard,272,104755,106148,49.0,103.0,1321
1322,2020-7434,Sofia,Hard,271,106099,106220,82.0,291.0,1322
1323,2020-0605,Tour Finals,Hard,300,106421,106233,4.0,3.0,1323
1324,2020-0605,Tour Finals,Hard,299,106421,104745,4.0,2.0,1324
1325,2020-0605,Tour Finals,Hard,298,106233,104925,3.0,1.0,1325
1326,2020-0605,Tour Finals,Hard,297,106421,104925,4.0,1.0,1326
1327,2020-0605,Tour Finals,Hard,296,104925,100644,1.0,7.0,1327
1328,2020-0605,Tour Finals,Hard,295,104925,106043,1.0,9.0,1328
1329,2020-0605,Tour Finals,Hard,294,106421,100644,4.0,7.0,1329
1330,2020-0605,Tour Finals,Hard,293,106421,106043,4.0,9.0,1330
1331,2020-0605,Tour Finals,Hard,292,100644,106043,7.0,9.0,1331
1332,2020-0605,Tour Finals,Hard,291,106233,104745,3.0,2.0,1332
1333,2020-0605,Tour Finals,Hard,290,104745,126774,2.0,6.0,1333
1334,2020-0605,Tour Finals,Hard,289,104745,126094,2.0,8.0,1334
1335,2020-0605,Tour Finals,Hard,288,106233,126774,3.0,6.0,1335
1336,2020-0605,Tour Finals,Hard,287,126094,106233,8.0,3.0,1336
1337,2020-0605,Tour Finals,Hard,286,126774,126094,6.0,8.0,1337
1338,2020-M-DC-2020-QLS-M-ARG-COL-01,Davis Cup QLS R1: ARG vs COL,Clay,1,123755,104919,148.0,118.0,1338
1339,2020-M-DC-2020-QLS-M-ARG-COL-01,Davis Cup QLS R1: ARG vs COL,Clay,2,106228,105053,62.0,292.0,1339
1340,2020-M-DC-2020-QLS-M-ARG-COL-01,Davis Cup QLS R1: ARG vs COL,Clay,4,123755,106228,148.0,62.0,1340
1341,2020-M-DC-2020-QLS-M-AUS-BRA-01,Davis Cup QLS R1: AUS vs BRA,Hard,1,111442,106329,63.0,82.0,1341
1342,2020-M-DC-2020-QLS-M-AUS-BRA-01,Davis Cup QLS R1: AUS vs BRA,Hard,2,105357,205734,43.0,113.0,1342
1343,2020-M-DC-2020-QLS-M-AUS-BRA-01,Davis Cup QLS R1: AUS vs BRA,Hard,4,105357,106329,43.0,82.0,1343
1344,2020-M-DC-2020-QLS-M-AUT-URU-01,Davis Cup QLS R1: AUT vs URU,Hard,1,110602,105899,85.0,487.0,1344
1345,2020-M-DC-2020-QLS-M-AUT-URU-01,Davis Cup QLS R1: AUT vs URU,Hard,2,104655,200514,60.0,168.0,1345
1346,2020-M-DC-2020-QLS-M-AUT-URU-01,Davis Cup QLS R1: AUT vs URU,Hard,4,110602,104655,85.0,60.0,1346
1347,2020-M-DC-2020-QLS-M-BEL-HUN-01,Davis Cup QLS R1: BEL vs HUN,Clay,1,105074,105226,222.0,76.0,1347
1348,2020-M-DC-2020-QLS-M-BEL-HUN-01,Davis Cup QLS R1: BEL vs HUN,Clay,2,105916,106293,84.0,154.0,1348
1349,2020-M-DC-2020-QLS-M-BEL-HUN-01,Davis Cup QLS R1: BEL vs HUN,Clay,4,105226,106293,76.0,154.0,1349
1350,2020-M-DC-2020-QLS-M-BEL-HUN-01,Davis Cup QLS R1: BEL vs HUN,Clay,5,105916,105074,84.0,222.0,1350
1351,2020-M-DC-2020-QLS-M-CRO-IND-01,Davis Cup QLS R1: CRO vs IND,Hard,1,127339,105432,277.0,132.0,1351
1352,2020-M-DC-2020-QLS-M-CRO-IND-01,Davis Cup QLS R1: CRO vs IND,Hard,2,105227,106368,37.0,182.0,1352
1353,2020-M-DC-2020-QLS-M-CRO-IND-01,Davis Cup QLS R1: CRO vs IND,Hard,4,105227,111576,37.0,127.0,1353
1354,2020-M-DC-2020-QLS-M-CZE-SVK-01,Davis Cup QLS R1: CZE vs SVK,Clay,1,106210,106075,64.0,121.0,1354
1355,2020-M-DC-2020-QLS-M-CZE-SVK-01,Davis Cup QLS R1: CZE vs SVK,Clay,2,104586,105413,179.0,95.0,1355
1356,2020-M-DC-2020-QLS-M-CZE-SVK-01,Davis Cup QLS R1: CZE vs SVK,Clay,4,106210,105413,64.0,95.0,1356
1357,2020-M-DC-2020-QLS-M-GER-BLR-01,Davis Cup QLS R1: GER vs BLR,Hard,1,105526,125802,34.0,138.0,1357
1358,2020-M-DC-2020-QLS-M-GER-BLR-01,Davis Cup QLS R1: GER vs BLR,Hard,2,106078,104259,68.0,73.0,1358
1359,2020-M-DC-2020-QLS-M-GER-BLR-01,Davis Cup QLS R1: GER vs BLR,Hard,4,105526,106078,34.0,68.0,1359
1361,2020-M-DC-2020-QLS-M-JPN-ECU-01,Davis Cup QLS R1: JPN vs ECU,Hard,1,105877,104424,151.0,117.0,1361
1362,2020-M-DC-2020-QLS-M-JPN-ECU-01,Davis Cup QLS R1: JPN vs ECU,Hard,2,105933,106034,276.0,90.0,1362
1363,2020-M-DC-2020-QLS-M-KAZ-NED-01,Davis Cup QLS R1: KAZ vs NED,Hard,1,104898,105062,169.0,91.0,1363
1364,2020-M-DC-2020-QLS-M-KAZ-NED-01,Davis Cup QLS R1: KAZ vs NED,Hard,2,122330,134868,51.0,196.0,1364
1365,2020-M-DC-2020-QLS-M-KAZ-NED-01,Davis Cup QLS R1: KAZ vs NED,Hard,4,122330,104898,51.0,169.0,1365
1366,2020-M-DC-2020-QLS-M-SWE-CHI-01,Davis Cup QLS R1: SWE vs CHI,Hard,1,144707,144642,67.0,282.0,1366
1367,2020-M-DC-2020-QLS-M-SWE-CHI-01,Davis Cup QLS R1: SWE vs CHI,Hard,2,126214,111200,173.0,202.0,1367
1368,2020-M-DC-2020-QLS-M-SWE-CHI-01,Davis Cup QLS R1: SWE vs CHI,Hard,4,144707,126214,67.0,173.0,1368
1369,2020-M-DC-2020-QLS-M-USA-UZB-01,Davis Cup QLS R1: USA vs UZB,Hard,1,124187,104797,38.0,156.0,1369
1370,2020-M-DC-2020-QLS-M-USA-UZB-01,Davis Cup QLS R1: USA vs UZB,Hard,2,126203,122109,24.0,498.0,1370
1371,2020-M-DC-2020-QLS-M-USA-UZB-01,Davis Cup QLS R1: USA vs UZB,Hard,4,126205,104797,57.0,156.0,1371
1372,2020-M-DC-2020-WG1-PO-BIH-RSA-01,Davis Cup WG1 PO: BIH vs RSA,Hard,1,106000,105434,107.0,611.0,1372
1373,2020-M-DC-2020-WG1-PO-BIH-RSA-01,Davis Cup WG1 PO: BIH vs RSA,Hard,2,144750,105806,98.0,303.0,1373
1374,2020-M-DC-2020-WG1-PO-BIH-RSA-01,Davis Cup WG1 PO: BIH vs RSA,Hard,4,106000,144750,107.0,98.0,1374
1375,2020-M-DC-2020-WG1-PO-BOL-DOM-01,Davis Cup WG1 PO: BOL vs DOM,Clay,1,106198,105497,94.0,289.0,1375
1376,2020-M-DC-2020-WG1-PO-BOL-DOM-01,Davis Cup WG1 PO: BOL vs DOM,Clay,2,106232,105156,215.0,543.0,1376
1377,2020-M-DC-2020-WG1-PO-BOL-DOM-01,Davis Cup WG1 PO: BOL vs DOM,Clay,4,106198,106232,94.0,215.0,1377
1378,2020-M-DC-2020-WG1-PO-LBN-THA-01,Davis Cup WG1 PO: LBN vs THA,Clay,1,133975,127143,348.0,1541.0,1378
1379,2020-M-DC-2020-WG1-PO-LBN-THA-01,Davis Cup WG1 PO: LBN vs THA,Clay,2,106397,133979,623.0,1507.0,1379
1380,2020-M-DC-2020-WG1-PO-LBN-THA-01,Davis Cup WG1 PO: LBN vs THA,Clay,4,133975,106397,348.0,623.0,1380
1381,2020-M-DC-2020-WG1-PO-LTU-POR-01,Davis Cup WG1 PO: LTU vs POR,Hard,1,106393,105827,190.0,497.0,1381
1382,2020-M-DC-2020-WG1-PO-LTU-POR-01,Davis Cup WG1 PO: LTU vs POR,Hard,2,105311,108772,65.0,791.0,1382
1383,2020-M-DC-2020-WG1-PO-LTU-POR-01,Davis Cup WG1 PO: LTU vs POR,Hard,4,105155,105827,110.0,497.0,1383
1384,2020-M-DC-2020-WG1-PO-MEX-FIN-01,Davis Cup WG1 PO: MEX vs FIN,Clay,1,126609,105688,418.0,821.0,1384
1385,2020-M-DC-2020-WG1-PO-MEX-FIN-01,Davis Cup WG1 PO: MEX vs FIN,Clay,2,126204,202261,522.0,719.0,1385
1386,2020-M-DC-2020-WG1-PO-MEX-FIN-01,Davis Cup WG1 PO: MEX vs FIN,Clay,4,126204,105349,522.0,605.0,1386
1387,2020-M-DC-2020-WG1-PO-MEX-FIN-01,Davis Cup WG1 PO: MEX vs FIN,Clay,5,202261,105688,719.0,821.0,1387
1388,2020-M-DC-2020-WG1-PO-NOR-BAR-01,Davis Cup WG1 PO: NOR vs BAR,Hard,1,126340,105985,337.0,263.0,1388
1393,2020-M-DC-2020-WG1-PO-PER-SUI-01,Davis Cup WG1 PO: PER vs SUI,Clay,1,122669,105757,135.0,382.0,1393
1394,2020-M-DC-2020-WG1-PO-PER-SUI-01,Davis Cup WG1 PO: PER vs SUI,Clay,2,105967,126190,137.0,330.0,1394
1395,2020-M-DC-2020-WG1-PO-PER-SUI-01,Davis Cup WG1 PO: PER vs SUI,Clay,4,122669,105967,135.0,137.0,1395
1396,2020-M-DC-2020-WG1-PO-TUR-ISR-01,Davis Cup WG1 PO: TUR vs ISR,Clay,1,131951,117356,832.0,195.0,1396
1397,2020-M-DC-2020-WG1-PO-TUR-ISR-01,Davis Cup WG1 PO: TUR vs ISR,Clay,2,123795,127326,329.0,562.0,1397
1398,2020-M-DC-2020-WG1-PO-TUR-ISR-01,Davis Cup WG1 PO: TUR vs ISR,Clay,4,122548,117356,355.0,195.0,1398
1399,2020-M-DC-2020-WG1-PO-UKR-TPE-01,Davis Cup WG1 PO: UKR vs TPE,Hard,1,202358,104660,279.0,167.0,1399
1400,2020-M-DC-2020-WG1-PO-UKR-TPE-01,Davis Cup WG1 PO: UKR vs TPE,Hard,2,126555,105011,232.0,207.0,1400
1401,2020-M-DC-2020-WG1-PO-UKR-TPE-01,Davis Cup WG1 PO: UKR vs TPE,Hard,4,104660,126555,167.0,232.0,1401
1402,2020-M-DC-2020-WG1-PO-UKR-TPE-01,Davis Cup WG1 PO: UKR vs TPE,Hard,5,105011,202358,207.0,279.0,1402
1403,2020-M-DC-2020-WG1-PO-VEN-NZL-01,Davis Cup WG1 PO: VEN vs NZL,Hard,1,110686,105467,1018.0,1234.0,1403
1407,2020-M-DC-2020-WG2-PO-CRC-BUL-01,Davis Cup WG2 PO: CRC vs BUL,Hard,2,200247,132374,537.0,1146.0,1407
1408,2020-M-DC-2020-WG2-PO-CRC-BUL-01,Davis Cup WG2 PO: CRC vs BUL,Hard,4,106220,132374,318.0,1146.0,1408
1415,2020-M-DC-2020-WG2-PO-ESA-JAM-01,Davis Cup WG2 PO: ESA vs JAM,Hard,2,105656,202120,410.0,1566.0,1415
1416,2020-M-DC-2020-WG2-PO-ESA-JAM-01,Davis Cup WG2 PO: ESA vs JAM,Hard,4,105656,209080,410.0,1316.0,1416
1417,2020-M-DC-2020-WG2-PO-GEO-EST-01,Davis Cup WG2 PO: GEO vs EST,Hard,1,105932,104901,27.0,732.0,1417
1418,2020-M-DC-2020-WG2-PO-GEO-EST-01,Davis Cup WG2 PO: GEO vs EST,Hard,2,144932,106223,729.0,564.0,1418
1421,2020-M-DC-2020-WG2-PO-GUA-TUN-01,Davis Cup WG2 PO: GUA vs TUN,Hard,1,108739,144826,1089.0,356.0,1421
1423,2020-M-DC-2020-WG2-PO-GUA-TUN-01,Davis Cup WG2 PO: GUA vs TUN,Hard,4,104291,108739,259.0,1089.0,1423
1428,2020-M-DC-2020-WG2-PO-LAT-EGY-01,Davis Cup WG2 PO: LAT vs EGY,Hard,2,105208,105747,161.0,390.0,1428
1429,2020-M-DC-2020-WG2-PO-LAT-EGY-01,Davis Cup WG2 PO: LAT vs EGY,Hard,4,105208,105633,161.0,131.0,1429
1431,2020-M-DC-2020-WG2-PO-MAR-VIE-01,Davis Cup WG2 PO: MAR vs VIE,Clay,1,104467,122533,664.0,714.0,1431
1438,2020-M-DC-2020-WG2-PO-PHI-GRE-01,Davis Cup WG2 PO: PHI vs GRE,Clay,2,202065,106150,1169.0,1421.0,1438
1439,2020-M-DC-2020-WG2-PO-PHI-GRE-01,Davis Cup WG2 PO: PHI vs GRE,Clay,4,126774,106150,6.0,1421.0,1439
1442,2020-M-DC-2020-WG2-PO-POL-HKG-01,Davis Cup WG2 PO: POL vs HKG,Hard,2,105668,106388,461.0,960.0,1442
